"","OID","RC139.x","RC131.x","RC150.x","RC118.x","RC129.x","RCOVW670.y","RCOVW550.y","RCOVW578.y","RG086.y","RCOVW600.y"
"1",10059020,124,0,5,5,7,NA,NA,NA,NA,NA
"2",12605040,215,2,5,6,4,NA,NA,NA,NA,NA
"3",13899040,90,0,5,4,7,NA,NA,NA,NA,NA
"4",13916010,140,0,5,20,7,NA,NA,NA,NA,NA
"5",14136040,161,1,1,10,1,NA,NA,NA,NA,NA
"6",14427041,170,0,1,15,2,NA,NA,NA,NA,NA
"7",17038030,127,0,5,10,1,NA,NA,NA,NA,NA
"8",18097010,150,0,5,0,2,NA,NA,NA,NA,NA
"9",18918011,180,3,1,10,5,NA,NA,NA,NA,NA
"10",20093041,185,0,5,10,2,NA,NA,NA,NA,NA
"11",22182010,80,0,5,16,8,NA,NA,NA,NA,NA
"12",22841041,125,5,5,5,2,NA,NA,NA,NA,NA
"13",23640010,120,0,5,30,4,NA,NA,NA,NA,NA
"14",24366010,150,98,5,7,7,NA,NA,NA,NA,NA
"15",32209031,160,98,5,3,7,NA,NA,NA,NA,NA
"16",32372020,138,0,1,30,4,NA,NA,NA,NA,NA
"17",33493011,150,0,5,10,7,NA,NA,NA,NA,NA
"18",33502040,105,0,5,5,1,NA,NA,NA,NA,NA
"19",34285040,180,0,5,8,3,NA,NA,NA,NA,NA
"20",37055040,115,0,5,16,4,NA,NA,NA,NA,NA
"21",37835040,146,0,1,10,2,NA,NA,NA,NA,NA
"22",38047041,225,0,5,10,7,NA,NA,NA,NA,NA
"23",39582040,135,0,1,20,2,NA,NA,NA,NA,NA
"24",42123011,126,0,5,6,7,NA,NA,NA,NA,NA
"25",44598010,192,0,5,10,1,NA,NA,NA,NA,NA
"26",44651011,125,98,5,20,7,NA,NA,NA,NA,NA
"27",45570040,118,3,5,7,7,NA,NA,NA,NA,NA
"28",46119030,140,0,5,6,1,NA,NA,NA,NA,NA
"29",47533030,135,0,5,10,3,NA,NA,NA,NA,NA
"30",50235020,110,0,5,4,1,NA,NA,NA,NA,NA
"31",51251041,140,0,1,10,1,NA,NA,NA,NA,NA
"32",51467011,140,0,5,20,7,NA,NA,NA,NA,NA
"33",51542010,208,0,5,8,3,NA,NA,NA,NA,NA
"34",52233040,136,0,1,2,2,NA,NA,NA,NA,NA
"35",52884020,145,0,5,5,3,NA,NA,NA,NA,NA
"36",53033031,159,4,5,10,7,NA,NA,NA,NA,NA
"37",54741040,135,2,5,10,7,NA,NA,NA,NA,NA
"38",55000040,137,4,1,4,7,NA,NA,NA,NA,NA
"39",56354032,120,99,5,4,8,NA,NA,NA,NA,NA
"40",58049010,140,12,5,2,1,NA,NA,NA,NA,NA
"41",58049040,142,0,1,4,1,NA,NA,NA,NA,NA
"42",58652010,160,0,5,40,4,NA,NA,NA,NA,NA
"43",60424020,165,0,5,20,1,NA,NA,NA,NA,NA
"44",65245010,128,98,1,3,8,NA,NA,NA,NA,NA
"45",72912040,160,3,5,20,1,NA,NA,NA,NA,NA
"46",73056010,98,0,5,15,2,NA,NA,NA,NA,NA
"47",74670010,118,0,5,10,2,NA,NA,NA,NA,NA
"48",75352040,110,0,5,2,7,NA,NA,NA,NA,NA
"49",75417010,177,10,5,40,7,NA,NA,NA,NA,NA
"50",76827020,125,0,5,12,1,NA,NA,NA,NA,NA
"51",77122041,189,3,5,4,5,5,5,1,5,600
"52",77697010,105,0,5,2,1,NA,NA,NA,NA,NA
"53",78582020,147,0,5,2,2,NA,NA,NA,NA,NA
"54",78625011,103,0,1,7,1,NA,NA,NA,NA,NA
"55",79114040,220,0,5,10,1,NA,NA,NA,NA,NA
"56",80672020,148,0,5,10,7,NA,NA,NA,NA,NA
"57",83721010,165,80,1,20,6,NA,NA,NA,NA,NA
"58",84052010,190,0,5,10,3,NA,NA,NA,NA,NA
"59",84757040,127,0,5,20,2,NA,NA,NA,NA,NA
"60",84776020,155,98,1,1,2,NA,NA,NA,NA,NA
"61",84776030,154,2,5,3,2,NA,NA,NA,NA,NA
"62",86263010,136,2,5,10,2,NA,NA,NA,NA,NA
"63",86421040,162,0,1,20,3,NA,NA,NA,NA,NA
"64",86769030,124,0,5,3,7,NA,NA,NA,NA,NA
"65",87044020,119,0,1,5,7,NA,NA,NA,NA,NA
"66",95650040,90,0,5,10,2,NA,NA,NA,NA,NA
"67",112432020,172,0,5,10,1,NA,NA,NA,NA,NA
"68",113245011,175,1,1,10,1,NA,NA,NA,NA,NA
"69",113874010,175,5,5,35,5,NA,NA,NA,NA,NA
"70",114717010,185,0,5,15,1,NA,NA,NA,NA,NA
"71",118444011,140,1,5,6,2,NA,NA,NA,NA,NA
"72",120681010,215,0,5,5,1,NA,NA,NA,NA,NA
"73",122669011,165,0,1,5,1,NA,NA,NA,NA,NA
"74",124773010,105,0,5,30,7,NA,NA,NA,NA,NA
"75",131774010,138,4,5,2,4,NA,NA,NA,NA,NA
"76",133126010,139,0,5,20,1,NA,NA,NA,NA,NA
"77",140397010,200,0,1,7,5,NA,NA,NA,NA,NA
"78",140830011,160,0,5,8,3,NA,NA,NA,NA,NA
"79",141019011,113,0,5,7,1,NA,NA,NA,NA,NA
"80",141562020,165,2,5,5,7,NA,NA,NA,NA,NA
"81",141725010,235,98,5,20,8,NA,NA,NA,NA,NA
"82",145119020,150,0,1,8,1,NA,NA,NA,NA,NA
"83",148454020,235,90,5,30,7,NA,NA,NA,NA,NA
"84",150433010,165,80,1,20,6,NA,NA,NA,NA,NA
"85",155090020,161,0,5,10,6,NA,NA,NA,NA,NA
"86",158055010,200,3,5,3,3,NA,NA,NA,NA,NA
"87",158571020,168,3,1,5,3,NA,NA,NA,NA,NA
"88",158859010,180,0,5,6,1,NA,NA,NA,NA,NA
"89",159466010,105,98,1,98,8,NA,NA,NA,NA,NA
"90",159466011,196,3,5,5,3,NA,NA,NA,NA,NA
"91",159873010,155,0,5,10,6,NA,NA,NA,NA,NA
"92",171835011,197,0,1,2,2,NA,NA,NA,NA,NA
"93",172013010,155,0,5,10,3,NA,NA,NA,NA,NA
"94",172013020,157,0,5,12,2,NA,NA,NA,NA,NA
"95",172150010,195,0,1,10,4,NA,NA,NA,NA,NA
"96",174431010,187,0,1,5,1,NA,NA,NA,NA,NA
"97",176069020,80,0,1,5,7,NA,NA,NA,NA,NA
"98",176166020,208,0,5,18,2,NA,NA,NA,NA,NA
"99",177473010,225,0,5,20,2,NA,NA,NA,NA,NA
"100",177473020,200,0,5,20,2,NA,NA,NA,NA,NA
"101",178198010,160,90,5,20,7,NA,NA,NA,NA,NA
"102",179304020,140,20,1,4,4,NA,NA,NA,NA,NA
"103",183715010,245,4,5,16,3,NA,NA,NA,NA,NA
"104",183796020,135,6,5,10,2,NA,NA,NA,NA,NA
"105",184225010,145,5,5,10,3,NA,NA,NA,NA,NA
"106",184351010,181,15,5,20,5,NA,NA,NA,NA,NA
"107",184439010,210,0,1,8,1,NA,NA,NA,NA,NA
"108",185732020,210,98,5,20,4,NA,NA,NA,NA,NA
"109",187575010,140,0,1,20,7,NA,NA,NA,NA,NA
"110",190838020,215,0,5,15,6,NA,NA,NA,NA,NA
"111",201407011,145,3,5,10,5,NA,NA,NA,NA,NA
"112",211173020,160,0,5,3,2,NA,NA,NA,NA,NA
"113",212595020,93,0,5,8,1,NA,NA,NA,NA,NA
"114",213391011,178,2,5,20,3,NA,NA,NA,NA,NA
"115",213391020,140,91,1,20,7,NA,NA,NA,NA,NA
"116",500004020,162,0,5,10,1,NA,NA,NA,NA,NA
"117",500018020,208,3,5,10,7,NA,NA,NA,NA,NA
"118",500042010,165,0,5,2,3,NA,NA,NA,NA,NA
"119",500043010,125,3,5,5,2,NA,NA,NA,NA,NA
"120",500064010,150,2,1,20,3,NA,NA,NA,NA,NA
"121",500076010,150,1,5,20,4,NA,NA,NA,NA,NA
"122",500152010,185,0,5,20,1,NA,NA,NA,NA,NA
"123",500173011,150,0,1,10,1,NA,NA,NA,NA,NA
"124",500189020,160,52,5,20,7,NA,NA,NA,NA,NA
"125",500201020,130,0,5,6,1,NA,NA,NA,NA,NA
"126",500206010,225,20,1,15,7,NA,NA,NA,NA,NA
"127",500230010,110,0,5,15,7,NA,NA,NA,NA,NA
"128",500244010,185,0,1,12,7,NA,NA,NA,NA,NA
"129",500248010,111,90,1,10,7,NA,NA,NA,NA,NA
"130",500266020,130,0,1,1,7,NA,NA,NA,NA,NA
"131",500296022,120,1,1,10,3,NA,NA,NA,NA,NA
"132",500325010,210,0,5,6,1,NA,NA,NA,NA,NA
"133",500378010,230,0,5,8,2,NA,NA,NA,NA,NA
"134",500391020,150,0,5,40,3,NA,NA,NA,NA,NA
"135",500400010,170,0,5,5,8,NA,NA,NA,NA,NA
"136",500404020,170,0,5,20,3,NA,NA,NA,NA,NA
"137",500470010,170,2,5,4,7,NA,NA,NA,NA,NA
"138",500509010,188,1,5,2,1,NA,NA,NA,NA,NA
"139",500581010,150,2,5,20,3,NA,NA,NA,NA,NA
"140",500617010,158,98,5,3,8,NA,NA,NA,NA,NA
"141",500620020,175,3,5,10,2,NA,NA,NA,NA,NA
"142",500681010,172,90,5,9,7,NA,NA,NA,NA,NA
"143",500759010,140,0,1,5,8,NA,NA,NA,NA,NA
"144",500760010,164,3,1,15,1,NA,NA,NA,NA,NA
"145",500847010,215,5,5,12,7,NA,NA,NA,NA,NA
"146",500855010,186,0,5,5,1,NA,NA,NA,NA,NA
"147",500855020,175,0,5,5,1,NA,NA,NA,NA,NA
"148",500873020,165,0,5,5,7,NA,NA,NA,NA,NA
"149",500885011,100,6,5,8,4,NA,NA,NA,NA,NA
"150",500937020,210,1,5,2,3,NA,NA,NA,NA,NA
"151",500939010,155,5,1,3,7,NA,NA,NA,NA,NA
"152",500946020,250,0,5,20,2,NA,NA,NA,NA,NA
"153",500963020,215,0,1,7,1,NA,NA,NA,NA,NA
"154",500993011,165,0,5,15,1,NA,NA,NA,NA,NA
"155",501063020,107,6,1,10,2,NA,NA,NA,NA,NA
"156",501117010,140,0,5,10,1,NA,NA,NA,NA,NA
"157",501125010,185,0,5,20,1,NA,NA,NA,NA,NA
"158",501148011,260,2,1,4,1,NA,NA,NA,NA,NA
"159",501153010,200,0,1,40,1,NA,NA,NA,NA,NA
"160",501185011,192,9,5,12,4,NA,NA,NA,NA,NA
"161",501187010,175,0,1,6,8,NA,NA,NA,NA,NA
"162",501252010,220,3,5,5,5,NA,NA,NA,NA,NA
"163",501260011,129,98,1,10,7,NA,NA,NA,NA,NA
"164",501276020,120,1,5,10,1,NA,NA,NA,NA,NA
"165",501276021,218,1,5,5,2,5,4,1,5,2000
"166",501284010,165,0,5,3,1,NA,NA,NA,NA,NA
"167",501289012,215,0,5,20,2,NA,NA,NA,NA,NA
"168",501292011,139,2,5,5,2,1,5,5,5,1200
"169",501369010,155,0,1,30,1,5,8,1,5,2000
"170",501420020,140,1,1,5,5,NA,NA,NA,NA,NA
"171",501425010,165,4,5,10,7,NA,NA,NA,NA,NA
"172",501473010,160,0,5,10,3,5,10,5,5,600
"173",501478020,121,4,1,8,2,NA,NA,NA,NA,NA
"174",501492010,160,0,1,1,1,NA,NA,NA,NA,NA
"175",501575020,232,25,5,3,2,NA,NA,NA,NA,NA
"176",501614011,205,2,5,15,3,NA,NA,NA,NA,NA
"177",501649010,205,10,5,20,1,NA,NA,NA,NA,NA
"178",501708010,152,0,1,10,1,NA,NA,NA,NA,NA
"179",501723011,175,0,5,10,2,NA,NA,NA,NA,NA
"180",501743020,165,7,5,4,3,NA,NA,NA,NA,NA
"181",501745010,225,0,5,15,1,NA,NA,NA,NA,NA
"182",501748020,157,2,5,4,5,NA,NA,NA,NA,NA
"183",501748021,213,2,1,6,2,NA,NA,NA,NA,NA
"184",501834020,245,0,1,10,3,NA,NA,NA,NA,NA
"185",501839011,155,12,5,20,1,NA,NA,NA,NA,NA
"186",501873010,114,0,5,10,3,NA,NA,NA,NA,NA
"187",501954010,165,0,5,20,5,NA,NA,NA,NA,NA
"188",501954020,135,0,5,20,7,NA,NA,NA,NA,NA
"189",501955010,150,6,5,3,1,NA,NA,NA,NA,NA
"190",501993010,135,0,5,10,4,NA,NA,NA,NA,NA
"191",502015011,150,0,5,6,1,NA,NA,NA,NA,NA
"192",502045010,119,0,5,5,5,NA,NA,NA,NA,NA
"193",502068010,140,0,5,2,1,NA,NA,NA,NA,NA
"194",502102010,150,2,5,20,2,NA,NA,NA,NA,NA
"195",502102020,215,8,5,20,1,NA,NA,NA,NA,NA
"196",502153010,144,0,5,5,5,NA,NA,NA,NA,NA
"197",502170020,210,2,5,8,3,NA,NA,NA,NA,NA
"198",502224010,175,3,5,20,1,NA,NA,NA,NA,NA
"199",502240020,175,3,5,20,2,NA,NA,NA,NA,NA
"200",502273010,200,0,1,15,1,NA,NA,NA,NA,NA
"201",502280011,170,10,5,9,3,NA,NA,NA,NA,NA
"202",502292020,150,2,5,6,1,NA,NA,NA,NA,NA
"203",502303010,136,4,5,5,3,NA,NA,NA,NA,NA
"204",502344010,157,5,5,30,6,NA,NA,NA,NA,NA
"205",502349010,225,12,5,10,1,NA,NA,NA,NA,NA
"206",502401010,193,2,5,10,7,NA,NA,NA,NA,NA
"207",502407011,148,98,5,13,3,NA,NA,NA,NA,NA
"208",502431010,204,1,5,2,5,NA,NA,NA,NA,NA
"209",502454020,134,0,5,6,1,NA,NA,NA,NA,NA
"210",502479020,219,0,5,20,1,NA,NA,NA,NA,NA
"211",502497010,175,7,5,20,7,NA,NA,NA,NA,NA
"212",502505010,150,2,5,3,2,NA,NA,NA,NA,NA
"213",502507011,219,2,5,4,4,NA,NA,NA,NA,NA
"214",502532010,170,0,5,4,7,NA,NA,NA,NA,NA
"215",502584010,220,70,5,20,7,NA,NA,NA,NA,NA
"216",502591010,214,98,5,10,5,NA,NA,NA,NA,NA
"217",502591011,205,98,5,2,1,NA,NA,NA,NA,NA
"218",502629010,220,2,5,12,1,NA,NA,NA,NA,NA
"219",502631010,150,0,5,4,1,NA,NA,NA,NA,NA
"220",502682010,150,98,5,20,7,1,6,5,5,9998
"221",502706010,180,5,5,6,2,NA,NA,NA,NA,NA
"222",502731010,170,4,5,10,3,NA,NA,NA,NA,NA
"223",520098022,175,0,5,12,3,NA,NA,NA,NA,NA
"224",520384010,209,0,5,10,3,NA,NA,NA,NA,NA
"225",520427010,198,75,5,1,5,NA,NA,NA,NA,NA
"226",520427020,192,2,5,15,5,NA,NA,NA,NA,NA
"227",520801010,152,0,5,4,1,NA,NA,NA,NA,NA
"228",521224010,230,2,5,20,3,NA,NA,NA,NA,NA
"229",521240020,250,1,5,20,1,NA,NA,NA,NA,NA
"230",521277010,270,0,5,20,1,NA,NA,NA,NA,NA
"231",521313010,128,5,5,20,1,NA,NA,NA,NA,NA
"232",521317020,120,98,5,10,7,NA,NA,NA,NA,NA
"233",521575010,132,1,5,10,4,NA,NA,NA,NA,NA
"234",521582010,247,1,5,10,3,NA,NA,NA,NA,NA
"235",521607010,200,1,5,10,2,NA,NA,NA,NA,NA
"236",521740010,150,2,5,10,2,NA,NA,NA,NA,NA
"237",522017020,150,0,1,20,6,NA,NA,NA,NA,NA
"238",522031010,160,0,5,20,1,NA,NA,NA,NA,NA
"239",522045010,168,0,5,10,3,NA,NA,NA,NA,NA
"240",522177010,160,3,1,4,3,NA,NA,NA,NA,NA
"241",522211020,250,90,5,20,7,NA,NA,NA,NA,NA
"242",522245020,200,1,1,10,7,NA,NA,NA,NA,NA
"243",522292010,146,0,5,7,1,NA,NA,NA,NA,NA
"244",522343010,170,1,5,20,1,NA,NA,NA,NA,NA
"245",522358010,180,2,5,4,1,NA,NA,NA,NA,NA
"246",522360010,180,1,5,8,7,NA,NA,NA,NA,NA
"247",522428010,149,1,1,20,1,NA,NA,NA,NA,NA
"248",522428020,260,1,5,10,2,NA,NA,NA,NA,NA
"249",522430010,200,98,5,5,1,NA,NA,NA,NA,NA
"250",522610010,130,4,1,2,2,NA,NA,NA,NA,NA
"251",522781010,218,3,5,5,2,NA,NA,NA,NA,NA
"252",522826010,225,1,5,3,2,NA,NA,NA,NA,NA
"253",522918010,160,0,1,3,5,NA,NA,NA,NA,NA
"254",522945010,174,98,1,18,7,NA,NA,NA,NA,NA
"255",522945020,225,2,5,15,3,NA,NA,NA,NA,NA
"256",522986010,250,2,5,2,1,NA,NA,NA,NA,NA
"257",523039010,176,1,5,10,1,NA,NA,NA,NA,NA
"258",523068010,115,0,5,5,2,NA,NA,NA,NA,NA
"259",523114010,222,0,5,14,1,NA,NA,NA,NA,NA
"260",523117010,120,90,5,25,7,NA,NA,NA,NA,NA
"261",523157020,212,3,5,22,7,NA,NA,NA,NA,NA
"262",523303020,142,0,5,10,1,5,3,5,5,600
"263",523351010,160,0,1,10,2,NA,NA,NA,NA,NA
"264",523391020,180,5,1,10,3,NA,NA,NA,NA,NA
"265",523443010,198,10,1,20,3,NA,NA,NA,NA,NA
"266",523451021,180,2,1,10,2,NA,NA,NA,NA,NA
"267",523565010,185,0,5,20,3,NA,NA,NA,NA,NA
"268",523709010,230,1,5,10,2,NA,NA,NA,NA,NA
"269",523768010,156,2,5,10,2,NA,NA,NA,NA,NA
"270",523810010,198,1,1,4,1,NA,NA,NA,NA,NA
"271",523810011,140,10,5,6,3,NA,NA,NA,NA,NA
"272",523878020,120,0,5,40,7,NA,NA,NA,NA,NA
"273",523969010,275,0,5,13,6,NA,NA,NA,NA,NA
"274",524052020,172,0,5,10,1,NA,NA,NA,NA,NA
"275",524220020,280,0,5,20,3,NA,NA,NA,NA,NA
"276",524264010,235,3,5,7,5,NA,NA,NA,NA,NA
"277",524322010,180,80,5,15,7,NA,NA,NA,NA,NA
"278",524629010,165,0,5,10,2,NA,NA,NA,NA,NA
"279",524679020,176,1,5,10,2,NA,NA,NA,NA,NA
"280",524732010,200,2,5,10,2,NA,NA,NA,NA,NA
"281",525002021,170,1,1,20,1,NA,NA,NA,NA,NA
"282",525032010,180,1,5,15,1,NA,NA,NA,NA,NA
"283",525177021,165,0,5,20,3,NA,NA,NA,NA,NA
"284",525268020,168,0,5,6,2,NA,NA,NA,NA,NA
"285",525341020,160,1,5,20,3,NA,NA,NA,NA,NA
"286",525365011,170,0,5,10,7,NA,NA,NA,NA,NA
"287",525399010,175,0,5,10,1,NA,NA,NA,NA,NA
"288",525436020,192,0,5,5,1,NA,NA,NA,NA,NA
"289",525452020,179,0,5,30,7,NA,NA,NA,NA,NA
"290",525717010,186,0,5,20,5,NA,NA,NA,NA,NA
"291",525815020,125,5,1,10,4,NA,NA,NA,NA,NA
"292",525859020,190,0,5,5,5,NA,NA,NA,NA,NA
"293",525922010,97,4,5,15,7,NA,NA,NA,NA,NA
"294",526002010,230,0,5,10,1,NA,NA,NA,NA,NA
"295",526039011,170,5,5,10,5,NA,NA,NA,NA,NA
"296",526141010,145,5,5,10,3,NA,NA,NA,NA,NA
"297",526144010,104,0,5,20,4,NA,NA,NA,NA,NA
"298",526389020,230,0,5,8,5,NA,NA,NA,NA,NA
"299",526472020,103,1,5,15,5,NA,NA,NA,NA,NA
"300",526475010,190,20,5,15,4,NA,NA,NA,NA,NA
"301",526596010,165,31,5,30,7,NA,NA,NA,NA,NA
"302",526596020,138,0,5,10,1,NA,NA,NA,NA,NA
"303",526614010,135,0,5,4,1,NA,NA,NA,NA,NA
"304",526628010,140,30,5,20,4,NA,NA,NA,NA,NA
"305",526650010,190,98,5,20,2,NA,NA,NA,NA,NA
"306",526700010,178,3,1,6,3,NA,NA,NA,NA,NA
"307",526739010,150,16,5,10,4,5,10,5,5,2000
"308",526789010,198,90,1,11,4,NA,NA,NA,NA,NA
"309",527033010,130,0,5,10,3,NA,NA,NA,NA,NA
"310",527033020,180,90,5,10,7,NA,NA,NA,NA,NA
"311",527076010,118,0,5,10,2,NA,NA,NA,NA,NA
"312",527088010,170,0,1,7,7,NA,NA,NA,NA,NA
"313",527123010,105,2,5,8,-8,NA,NA,NA,NA,NA
"314",527175010,130,0,1,20,4,NA,NA,NA,NA,NA
"315",527243020,172,0,5,15,2,NA,NA,NA,NA,NA
"316",527296010,128,1,5,10,6,NA,NA,NA,NA,NA
"317",527306010,200,1,5,3,2,NA,NA,NA,NA,NA
"318",527306020,210,3,5,2,5,NA,NA,NA,NA,NA
"319",527317010,245,98,5,10,7,NA,NA,NA,NA,NA
"320",527317020,130,90,5,20,7,NA,NA,NA,NA,NA
"321",527482020,160,3,5,5,1,NA,NA,NA,NA,NA
"322",527583010,200,4,5,25,6,NA,NA,NA,NA,NA
"323",527650010,140,99,5,25,7,NA,NA,NA,NA,NA
"324",527681020,160,0,5,10,2,NA,NA,NA,NA,NA
"325",527801020,195,0,5,15,3,NA,NA,NA,NA,NA
"326",527937010,190,0,5,10,1,NA,NA,NA,NA,NA
"327",528159010,200,0,5,10,5,NA,NA,NA,NA,NA
"328",528225020,140,0,5,10,3,NA,NA,NA,NA,NA
"329",528388010,178,3,5,20,3,NA,NA,NA,NA,NA
"330",528526010,146,90,5,10,7,NA,NA,NA,NA,NA
"331",528637010,130,0,5,5,1,NA,NA,NA,NA,NA
"332",529029020,135,2,1,15,6,NA,NA,NA,NA,NA
"333",529039010,220,1,5,10,1,NA,NA,NA,NA,NA
"334",529111020,189,0,5,10,2,NA,NA,NA,NA,NA
"335",529111021,192,1,5,15,3,NA,NA,NA,NA,NA
"336",529263010,120,0,5,10,3,NA,NA,NA,NA,NA
"337",529340010,160,98,5,15,7,NA,NA,NA,NA,NA
"338",529390010,118,6,1,5,6,NA,NA,NA,NA,NA
"339",529539010,152,3,1,0,7,NA,NA,NA,NA,NA
"340",529544020,140,1,5,10,1,NA,NA,NA,NA,NA
"341",529575010,225,0,5,2,1,NA,NA,NA,NA,NA
"342",529892010,95,10,5,5,8,NA,NA,NA,NA,NA
"343",529943010,231,90,5,20,7,NA,NA,NA,NA,NA
"344",529958010,120,0,5,1,1,NA,NA,NA,NA,NA
"345",529983010,170,0,1,1,3,NA,NA,NA,NA,NA
"346",530232020,270,0,5,10,1,NA,NA,NA,NA,NA
"347",530239020,139,6,1,9,4,NA,NA,NA,NA,NA
"348",530239021,185,0,5,15,1,NA,NA,NA,NA,NA
"349",530736010,190,98,1,3,2,NA,NA,NA,NA,NA
"350",530884021,158,1,5,5,6,NA,NA,NA,NA,NA
"351",531340010,157,98,1,15,2,5,4,1,1,2800
"352",531340012,215,2,5,20,3,NA,NA,NA,NA,NA
"353",531511010,210,0,5,15,1,NA,NA,NA,NA,NA
"354",531839010,200,0,5,20,1,NA,NA,NA,NA,NA
"355",531858010,179,2,5,2,1,NA,NA,NA,NA,NA
"356",531944020,998,0,5,0,1,NA,NA,NA,NA,NA
"357",532038010,998,0,1,5,1,NA,NA,NA,NA,NA
"358",532060010,148,1,5,2,1,NA,NA,NA,NA,NA
"359",532901010,140,98,5,10,8,NA,NA,NA,NA,NA
"360",532978010,171,3,5,6,1,NA,NA,NA,NA,NA
"361",533146010,170,1,5,7,1,NA,NA,NA,NA,NA
"362",533240010,205,0,1,3,1,NA,NA,NA,NA,NA
"363",533575020,157,0,5,9,1,NA,NA,NA,NA,NA
"364",533675010,152,3,5,10,5,NA,NA,NA,NA,NA
"365",533675020,230,98,5,5,3,NA,NA,NA,NA,NA
"366",533904010,226,0,5,9,2,NA,NA,NA,NA,NA
"367",533944010,130,2,1,20,2,NA,NA,NA,NA,NA
"368",533980010,165,0,5,12,1,NA,NA,NA,NA,NA
"369",534168020,200,1,5,1,1,NA,NA,NA,NA,NA
"370",534302020,182,1,5,10,4,NA,NA,NA,NA,NA
"371",534328010,145,4,1,1,8,NA,NA,NA,NA,NA
"372",534483010,100,5,1,8,3,NA,NA,NA,NA,NA
"373",534984010,170,2,1,4,1,NA,NA,NA,NA,NA
"374",535002010,165,12,5,6,1,NA,NA,NA,NA,NA
"375",535062010,162,0,5,2,1,NA,NA,NA,NA,NA
"376",535112020,161,0,5,10,8,NA,NA,NA,NA,NA
"377",535770010,175,2,5,7,2,NA,NA,NA,NA,NA
"378",535829010,155,0,5,1,5,NA,NA,NA,NA,NA
"379",536271010,225,2,5,5,1,NA,NA,NA,NA,NA
"380",536375010,160,0,5,15,1,NA,NA,NA,NA,NA
"381",536403010,238,0,5,30,1,NA,NA,NA,NA,NA
"382",536417010,201,0,5,10,1,NA,NA,NA,NA,NA
"383",536421010,140,90,5,10,7,NA,NA,NA,NA,NA
"384",536769020,152,4,5,5,3,NA,NA,NA,NA,NA
"385",536827020,190,3,5,1,7,NA,NA,NA,NA,NA
"386",537087020,203,3,5,8,3,NA,NA,NA,NA,NA
"387",537502010,170,5,5,20,3,NA,NA,NA,NA,NA
"388",537566010,172,30,1,10,3,NA,NA,NA,NA,NA
"389",540021010,165,0,5,20,2,NA,NA,NA,NA,NA
"390",540076010,160,2,5,1,1,NA,NA,NA,NA,NA
"391",540076011,190,0,1,5,3,NA,NA,NA,NA,NA
"392",540097020,370,1,5,6,2,NA,NA,NA,NA,NA
"393",540114010,200,0,5,20,1,5,4,5,5,1800
"394",540189010,170,1,1,5,2,NA,NA,NA,NA,NA
"395",540209010,135,0,5,20,1,NA,NA,NA,NA,NA
"396",540227010,150,0,5,10,3,NA,NA,NA,NA,NA
"397",540239010,240,1,1,8,2,5,10,1,5,1200
"398",540322020,160,0,5,20,1,NA,NA,NA,NA,NA
"399",540327010,218,0,1,15,7,NA,NA,NA,NA,NA
"400",540331010,205,2,5,30,2,NA,NA,NA,NA,NA
"401",540343020,243,3,5,5,2,NA,NA,NA,NA,NA
"402",540405010,175,90,5,20,7,NA,NA,NA,NA,NA
"403",540405020,170,98,5,40,7,NA,NA,NA,NA,NA
"404",540422010,110,0,5,3,2,NA,NA,NA,NA,NA
"405",540436010,160,0,5,4,1,NA,NA,NA,NA,NA
"406",540466010,165,6,5,20,7,NA,NA,NA,NA,NA
"407",540472010,137,0,5,5,7,NA,NA,NA,NA,NA
"408",540477010,158,1,1,10,2,NA,NA,NA,NA,NA
"409",540488010,124,90,5,10,6,NA,NA,NA,NA,NA
"410",540503010,159,2,5,10,1,NA,NA,NA,NA,NA
"411",540505010,195,0,5,10,1,NA,NA,NA,NA,NA
"412",540576010,170,1,5,4,1,NA,NA,NA,NA,NA
"413",540622020,198,0,5,1,1,NA,NA,NA,NA,NA
"414",540635010,129,12,5,15,4,NA,NA,NA,NA,NA
"415",540635011,170,4,5,6,4,NA,NA,NA,NA,NA
"416",540650010,200,0,5,10,2,NA,NA,NA,NA,NA
"417",540652010,142,0,5,0,4,NA,NA,NA,NA,NA
"418",540653010,135,0,1,7,5,NA,NA,NA,NA,NA
"419",540663010,170,98,1,2,7,NA,NA,NA,NA,NA
"420",540686010,165,98,5,10,5,NA,NA,NA,NA,NA
"421",540693010,165,3,5,5,3,NA,NA,NA,NA,NA
"422",540705010,330,98,1,10,7,NA,NA,NA,NA,NA
"423",540764010,165,70,1,7,7,NA,NA,NA,NA,NA
"424",540766020,236,12,5,16,7,NA,NA,NA,NA,NA
"425",540779010,160,1,1,20,7,NA,NA,NA,NA,NA
"426",540791020,183,0,5,20,5,NA,NA,NA,NA,NA
"427",540807010,156,60,5,10,5,NA,NA,NA,NA,NA
"428",540811010,195,0,5,10,1,NA,NA,NA,NA,NA
"429",540851020,135,1,5,3,7,5,10,5,5,600
"430",540934020,115,1,5,8,4,NA,NA,NA,NA,NA
"431",540954010,215,4,5,20,6,NA,NA,NA,NA,NA
"432",540971010,200,98,5,98,4,NA,NA,NA,NA,NA
"433",541018020,95,98,1,20,2,NA,NA,NA,NA,NA
"434",541052010,199,0,1,5,1,5,10,5,5,1200
"435",541071010,258,0,5,10,2,NA,NA,NA,NA,NA
"436",541093010,89,90,1,10,7,NA,NA,NA,NA,NA
"437",541099010,155,0,5,30,3,NA,NA,NA,NA,NA
"438",541099020,228,0,1,25,6,NA,NA,NA,NA,NA
"439",541145010,155,0,5,10,1,NA,NA,NA,NA,NA
"440",541204020,187,0,5,7,1,NA,NA,NA,NA,NA
"441",541207020,220,4,1,10,3,NA,NA,NA,NA,NA
"442",541213010,200,4,5,2,1,NA,NA,NA,NA,NA
"443",541247010,110,2,1,3,1,5,8,1,1,1800
"444",541262010,165,0,5,10,1,NA,NA,NA,NA,NA
"445",541276010,195,1,5,10,2,NA,NA,NA,NA,NA
"446",541298010,256,0,1,20,5,NA,NA,NA,NA,NA
"447",541356010,150,0,1,2,1,5,10,1,5,1400
"448",541374010,190,2,5,25,2,NA,NA,NA,NA,NA
"449",541378010,123,0,5,5,2,NA,NA,NA,NA,NA
"450",541403010,175,2,5,20,1,NA,NA,NA,NA,NA
"451",541403020,160,0,1,20,1,NA,NA,NA,NA,NA
"452",541456010,180,2,5,10,2,NA,NA,NA,NA,NA
"453",541457010,220,98,5,10,1,NA,NA,NA,NA,NA
"454",541467010,145,0,5,20,2,NA,NA,NA,NA,NA
"455",541467020,350,6,5,3,2,NA,NA,NA,NA,NA
"456",541484010,180,1,5,10,1,NA,NA,NA,NA,NA
"457",541513010,240,98,1,20,1,NA,NA,NA,NA,NA
"458",541521020,178,2,1,5,3,NA,NA,NA,NA,NA
"459",541585010,184,5,5,30,1,NA,NA,NA,NA,NA
"460",541599010,190,0,5,10,3,NA,NA,NA,NA,NA
"461",541599020,130,2,1,5,1,NA,NA,NA,NA,NA
"462",541600020,206,0,5,10,3,NA,NA,NA,NA,NA
"463",541608010,228,5,1,14,4,NA,NA,NA,NA,NA
"464",541614020,123,7,1,10,7,NA,NA,NA,NA,NA
"465",541654010,152,0,5,3,3,NA,NA,NA,NA,NA
"466",541682010,150,12,5,20,2,NA,NA,NA,NA,NA
"467",541702010,198,0,5,3,1,NA,NA,NA,NA,NA
"468",541789011,175,12,1,5,1,NA,NA,NA,NA,NA
"469",541797010,146,0,5,2,1,NA,NA,NA,NA,NA
"470",541821020,195,6,9,3,3,NA,NA,NA,NA,NA
"471",541832010,160,2,5,12,1,NA,NA,NA,NA,NA
"472",541837010,195,98,1,10,2,NA,NA,NA,NA,NA
"473",541853010,125,5,5,20,3,NA,NA,NA,NA,NA
"474",541866010,260,0,5,20,1,NA,NA,NA,NA,NA
"475",541979010,175,5,1,20,6,NA,NA,NA,NA,NA
"476",541981010,210,98,1,4,1,NA,NA,NA,NA,NA
"477",541993010,140,4,5,6,3,NA,NA,NA,NA,NA
"478",542003010,156,50,1,10,4,5,9,1,5,600
"479",542026010,246,0,5,4,1,NA,NA,NA,NA,NA
"480",542079010,178,0,5,6,2,NA,NA,NA,NA,NA
"481",542127010,142,2,5,10,5,5,8,5,1,600
"482",542164010,181,0,5,12,2,NA,NA,NA,NA,NA
"483",542173010,145,3,5,6,1,NA,NA,NA,NA,NA
"484",542182010,97,20,5,10,7,NA,NA,NA,NA,NA
"485",542191010,143,5,1,4,1,5,10,5,5,1200
"486",542232010,220,0,5,15,1,NA,NA,NA,NA,NA
"487",542307010,225,0,5,5,1,NA,NA,NA,NA,NA
"488",542318010,280,0,5,20,1,NA,NA,NA,NA,NA
"489",542403010,150,99,1,10,1,NA,NA,NA,NA,NA
"490",542426010,168,0,1,2,1,NA,NA,NA,NA,NA
"491",542440020,125,98,1,0,1,NA,NA,NA,NA,NA
"492",542442010,175,0,5,10,3,NA,NA,NA,NA,NA
"493",542523020,180,0,5,20,7,NA,NA,NA,NA,NA
"494",542530010,158,0,1,6,1,5,5,5,5,1200
"495",542546010,205,0,5,1,2,NA,NA,NA,NA,NA
"496",542571010,182,92,5,20,7,NA,NA,NA,NA,NA
"497",542572020,254,1,5,7,3,NA,NA,NA,NA,NA
"498",542585020,220,10,5,2,5,NA,NA,NA,NA,NA
"499",542620010,170,0,5,20,3,NA,NA,NA,NA,NA
"500",542636010,135,2,5,6,3,NA,NA,NA,NA,NA
"501",542636020,212,6,5,5,3,NA,NA,NA,NA,NA
"502",542648010,180,0,5,20,2,NA,NA,NA,NA,NA
"503",542651020,325,1,1,5,1,NA,NA,NA,NA,NA
"504",542660010,210,5,5,20,4,NA,NA,NA,NA,NA
"505",542660011,190,2,1,10,7,NA,NA,NA,NA,NA
"506",542737010,180,5,1,6,2,NA,NA,NA,NA,NA
"507",542770010,270,10,5,10,2,NA,NA,NA,NA,NA
"508",542774010,130,12,5,5,1,NA,NA,NA,NA,NA
"509",542783010,122,0,5,8,2,NA,NA,NA,NA,NA
"510",542798010,100,4,5,30,8,NA,NA,NA,NA,NA
"511",542802010,222,98,1,12,3,NA,NA,NA,NA,NA
"512",542810020,250,0,5,6,1,5,8,1,5,3600
"513",542821010,144,2,1,5,2,NA,NA,NA,NA,NA
"514",542835010,153,1,5,10,2,NA,NA,NA,NA,NA
"515",542881010,270,1,5,10,1,NA,NA,NA,NA,NA
"516",542924010,135,90,1,15,7,NA,NA,NA,NA,NA
"517",542933010,221,0,1,4,1,NA,NA,NA,NA,NA
"518",542954010,155,2,1,15,7,NA,NA,NA,NA,NA
"519",542985020,175,0,5,2,3,NA,NA,NA,NA,NA
"520",542998020,175,7,5,20,1,NA,NA,NA,NA,NA
"521",543022020,212,3,5,0,3,NA,NA,NA,NA,NA
"522",543023010,160,2,5,5,2,NA,NA,NA,NA,NA
"523",543032010,186,0,1,20,2,5,10,5,5,1800
"524",543063010,185,3,1,10,3,NA,NA,NA,NA,NA
"525",543066020,140,99,5,8,9,NA,NA,NA,NA,NA
"526",543089010,112,2,5,10,2,NA,NA,NA,NA,NA
"527",543093010,145,2,5,7,2,NA,NA,NA,NA,NA
"528",543108010,192,0,5,5,1,NA,NA,NA,NA,NA
"529",543126010,260,4,1,5,4,NA,NA,NA,NA,NA
"530",543126020,147,2,5,3,2,NA,NA,NA,NA,NA
"531",543184010,200,2,1,4,2,NA,NA,NA,NA,NA
"532",543192010,195,4,5,10,1,NA,NA,NA,NA,NA
"533",543193010,190,2,5,20,1,5,9,5,5,1800
"534",543263010,167,4,5,1,2,NA,NA,NA,NA,NA
"535",543263020,103,0,5,5,2,NA,NA,NA,NA,NA
"536",543268010,190,0,1,15,1,NA,NA,NA,NA,NA
"537",543272020,165,0,1,20,1,NA,NA,NA,NA,NA
"538",543273020,130,0,5,3,1,NA,NA,NA,NA,NA
"539",543277020,170,98,5,20,5,NA,NA,NA,NA,NA
"540",543301010,158,1,5,3,1,NA,NA,NA,NA,NA
"541",543323010,170,2,1,1,2,5,5,1,1,600
"542",543353020,192,1,5,3,1,NA,NA,NA,NA,NA
"543",543373010,130,3,5,8,3,NA,NA,NA,NA,NA
"544",543379010,157,0,5,10,7,NA,NA,NA,NA,NA
"545",543395010,999,0,5,5,3,NA,NA,NA,NA,NA
"546",543421010,160,0,5,20,8,NA,NA,NA,NA,NA
"547",543427020,132,1,5,10,1,NA,NA,NA,NA,NA
"548",543491010,199,4,5,10,1,NA,NA,NA,NA,NA
"549",543495020,190,0,5,10,1,NA,NA,NA,NA,NA
"550",543541020,305,10,1,10,1,5,2,5,5,2400
"551",543542010,180,4,5,20,1,NA,NA,NA,NA,NA
"552",543554020,210,12,5,20,1,NA,NA,NA,NA,NA
"553",543557020,195,8,5,4,3,NA,NA,NA,NA,NA
"554",543576010,240,0,1,20,1,5,10,9,5,600
"555",543617010,135,1,5,3,2,NA,NA,NA,NA,NA
"556",543625010,195,4,5,4,4,NA,NA,NA,NA,NA
"557",543643010,121,0,5,10,1,NA,NA,NA,NA,NA
"558",543747010,135,98,5,20,7,NA,NA,NA,NA,NA
"559",543790010,150,98,1,10,7,NA,NA,NA,NA,NA
"560",543802010,153,4,5,20,4,NA,NA,NA,NA,NA
"561",543813010,205,0,5,10,2,5,9,1,5,1200
"562",543832010,160,2,5,6,3,NA,NA,NA,NA,NA
"563",543850010,130,92,1,40,7,NA,NA,NA,NA,NA
"564",543859010,215,98,5,8,1,NA,NA,NA,NA,NA
"565",543866011,170,0,5,6,2,NA,NA,NA,NA,NA
"566",543890010,150,0,5,10,2,5,8,1,5,600
"567",543895011,155,60,5,10,7,NA,NA,NA,NA,NA
"568",543897010,998,0,1,20,3,NA,NA,NA,NA,NA
"569",543906010,168,6,5,1,1,5,8,1,5,600
"570",543938020,260,1,1,5,3,NA,NA,NA,NA,NA
"571",543973011,208,0,1,20,2,NA,NA,NA,NA,NA
"572",544015020,180,0,1,20,1,NA,NA,NA,NA,NA
"573",544018010,216,0,5,5,1,NA,NA,NA,NA,NA
"574",544028010,225,2,5,10,2,NA,NA,NA,NA,NA
"575",544035010,165,5,5,5,2,NA,NA,NA,NA,NA
"576",544196010,174,1,5,5,1,NA,NA,NA,NA,NA
"577",544218010,145,4,5,10,3,NA,NA,NA,NA,NA
"578",544234010,165,10,5,20,7,NA,NA,NA,NA,NA
"579",544245020,165,0,5,10,2,NA,NA,NA,NA,NA
"580",544267010,250,4,5,7,1,NA,NA,NA,NA,NA
"581",544277010,210,0,5,20,1,NA,NA,NA,NA,NA
"582",544277020,156,0,5,7,2,NA,NA,NA,NA,NA
"583",544308010,163,2,5,20,2,NA,NA,NA,NA,NA
"584",544308020,130,3,5,5,4,NA,NA,NA,NA,NA
"585",544343010,255,98,5,98,3,NA,NA,NA,NA,NA
"586",544354010,136,1,5,4,2,NA,NA,NA,NA,NA
"587",544393020,190,3,5,20,3,NA,NA,NA,NA,NA
"588",544423020,200,0,5,18,2,NA,NA,NA,NA,NA
"589",544433010,143,2,5,3,1,NA,NA,NA,NA,NA
"590",544439010,180,1,5,12,4,NA,NA,NA,NA,NA
"591",544439011,138,0,5,6,5,NA,NA,NA,NA,NA
"592",544452010,180,0,5,20,1,NA,NA,NA,NA,NA
"593",544518020,173,2,5,3,2,NA,NA,NA,NA,NA
"594",544521010,180,5,5,10,5,NA,NA,NA,NA,NA
"595",544572020,165,3,5,4,3,NA,NA,NA,NA,NA
"596",544587010,284,0,1,40,1,NA,NA,NA,NA,NA
"597",544589010,139,1,5,7,1,NA,NA,NA,NA,NA
"598",544591020,125,0,5,8,1,NA,NA,NA,NA,NA
"599",544646010,248,10,5,20,1,NA,NA,NA,NA,NA
"600",544654010,164,7,5,1,6,NA,NA,NA,NA,NA
"601",544666010,120,0,5,20,3,NA,NA,NA,NA,NA
"602",544675010,211,1,5,6,2,NA,NA,NA,NA,NA
"603",544683020,185,0,1,3,1,NA,NA,NA,NA,NA
"604",544754020,123,0,1,4,1,NA,NA,NA,NA,NA
"605",544758011,270,0,5,2,2,NA,NA,NA,NA,NA
"606",544814020,136,0,5,2,1,NA,NA,NA,NA,NA
"607",544820010,180,3,1,10,3,NA,NA,NA,NA,NA
"608",544820011,215,3,1,20,4,NA,NA,NA,NA,NA
"609",544821010,212,0,5,20,1,NA,NA,NA,NA,NA
"610",544831010,192,0,5,2,2,NA,NA,NA,NA,NA
"611",544858010,195,3,5,3,1,NA,NA,NA,NA,NA
"612",544997011,200,1,5,10,1,NA,NA,NA,NA,NA
"613",545034020,165,0,5,10,2,NA,NA,NA,NA,NA
"614",545057010,167,1,5,4,3,NA,NA,NA,NA,NA
"615",545095020,180,2,5,-8,7,NA,NA,NA,NA,NA
"616",545126020,180,0,1,10,2,NA,NA,NA,NA,NA
"617",545179011,150,3,5,10,2,NA,NA,NA,NA,NA
"618",545190020,320,0,5,8,1,NA,NA,NA,NA,NA
"619",545194010,230,4,5,10,1,NA,NA,NA,NA,NA
"620",545221020,140,1,5,20,7,5,10,1,5,3000
"621",545227020,235,2,5,4,3,NA,NA,NA,NA,NA
"622",545228010,170,2,5,10,3,NA,NA,NA,NA,NA
"623",545232010,120,0,1,10,2,NA,NA,NA,NA,NA
"624",545233010,134,0,1,20,6,NA,NA,NA,NA,NA
"625",545265010,165,24,5,20,2,NA,NA,NA,NA,NA
"626",545298010,160,0,5,3,7,NA,NA,NA,NA,NA
"627",545298020,175,0,5,2,3,NA,NA,NA,NA,NA
"628",545471010,135,0,5,2,2,NA,NA,NA,NA,NA
"629",545552020,160,5,1,4,5,NA,NA,NA,NA,NA
"630",545553010,173,3,1,7,3,NA,NA,NA,NA,NA
"631",545562010,380,3,5,4,2,NA,NA,NA,NA,NA
"632",545573010,192,0,5,7,3,NA,NA,NA,NA,NA
"633",545582010,103,0,5,20,1,NA,NA,NA,NA,NA
"634",545660010,140,0,5,3,2,NA,NA,NA,NA,NA
"635",545697020,160,10,5,20,7,NA,NA,NA,NA,NA
"636",545739010,182,7,1,20,7,NA,NA,NA,NA,NA
"637",545760010,165,2,5,4,7,NA,NA,NA,NA,NA
"638",545770010,140,0,5,5,1,NA,NA,NA,NA,NA
"639",545799010,220,1,5,10,3,NA,NA,NA,NA,NA
"640",545806020,215,2,5,20,1,NA,NA,NA,NA,NA
"641",545862010,137,5,5,10,1,NA,NA,NA,NA,NA
"642",545883020,225,1,5,1,2,NA,NA,NA,NA,NA
"643",545886010,185,0,5,2,1,5,10,5,1,9998
"644",545946010,185,3,5,10,3,NA,NA,NA,NA,NA
"645",545953020,205,0,5,3,4,NA,NA,NA,NA,NA
"646",546016010,137,0,5,5,1,NA,NA,NA,NA,NA
"647",546016020,200,3,5,8,3,NA,NA,NA,NA,NA
"648",546029010,148,0,5,20,1,NA,NA,NA,NA,NA
"649",546046010,149,3,5,3,1,NA,NA,NA,NA,NA
"650",546064020,240,1,5,4,2,NA,NA,NA,NA,NA
"651",546069010,310,0,5,2,8,NA,NA,NA,NA,NA
"652",546078010,205,3,5,5,7,NA,NA,NA,NA,NA
"653",546078020,250,0,5,10,2,NA,NA,NA,NA,NA
"654",546173010,182,3,5,3,3,NA,NA,NA,NA,NA
"655",546181010,239,1,1,4,1,1,10,5,1,600
"656",546209020,145,4,5,30,7,5,8,5,5,600
"657",546219010,172,0,1,4,2,NA,NA,NA,NA,NA
"658",546261020,185,0,5,20,3,NA,NA,NA,NA,NA
"659",546272020,180,1,1,5,2,NA,NA,NA,NA,NA
"660",546290020,160,1,5,5,1,NA,NA,NA,NA,NA
"661",546317010,177,28,5,20,4,NA,NA,NA,NA,NA
"662",546317020,160,45,5,20,5,NA,NA,NA,NA,NA
"663",546320010,169,0,5,5,1,NA,NA,NA,NA,NA
"664",546323020,120,0,1,1,1,NA,NA,NA,NA,NA
"665",546326010,180,98,1,20,7,NA,NA,NA,NA,NA
"666",546431010,175,98,1,5,3,NA,NA,NA,NA,NA
"667",546443020,267,0,5,5,2,NA,NA,NA,NA,NA
"668",546449010,133,0,5,6,2,NA,NA,NA,NA,NA
"669",546552020,147,0,5,5,1,NA,NA,NA,NA,NA
"670",546557010,198,0,5,8,1,NA,NA,NA,NA,NA
"671",546560010,235,2,1,5,2,5,5,1,5,1200
"672",546560020,150,0,5,8,5,NA,NA,NA,NA,NA
"673",546564010,250,3,1,15,1,NA,NA,NA,NA,NA
"674",900001020,146,0,5,9,7,NA,NA,NA,NA,NA
"675",900001022,170,1,5,8,5,NA,NA,NA,NA,NA
"676",900290010,120,4,5,10,3,NA,NA,NA,NA,NA
"677",900290020,215,5,5,20,8,NA,NA,NA,NA,NA
"678",900348020,150,0,5,25,3,NA,NA,NA,NA,NA
"679",900405010,230,1,5,10,1,NA,NA,NA,NA,NA
"680",900777010,210,0,5,4,1,NA,NA,NA,NA,NA
"681",900836010,214,3,5,20,1,NA,NA,NA,NA,NA
"682",900961010,140,0,5,10,2,NA,NA,NA,NA,NA
"683",901012011,225,2,5,20,1,NA,NA,NA,NA,NA
"684",901049020,185,4,5,20,5,NA,NA,NA,NA,NA
"685",901152010,190,10,1,10,7,NA,NA,NA,NA,NA
"686",901351020,202,2,5,10,3,NA,NA,NA,NA,NA
"687",901351021,200,0,5,7,2,NA,NA,NA,NA,NA
"688",901467020,215,1,5,3,1,NA,NA,NA,NA,NA
"689",901467021,998,5,5,3,1,NA,NA,NA,NA,NA
"690",901617010,152,0,5,20,3,NA,NA,NA,NA,NA
"691",901617011,210,2,1,20,3,1,10,5,1,9998
"692",901656010,160,0,5,8,1,NA,NA,NA,NA,NA
"693",901665020,203,0,5,98,8,NA,NA,NA,NA,NA
"694",901806020,210,3,5,10,2,NA,NA,NA,NA,NA
"695",902172010,165,4,5,5,3,NA,NA,NA,NA,NA
"696",902172021,182,1,5,14,2,NA,NA,NA,NA,NA
"697",902181020,175,4,5,30,1,NA,NA,NA,NA,NA
"698",902364020,150,0,5,15,7,NA,NA,NA,NA,NA
"699",902705010,190,12,5,8,5,NA,NA,NA,NA,NA
"700",903218010,155,0,1,5,3,NA,NA,NA,NA,NA
"701",903611010,145,0,5,6,6,NA,NA,NA,NA,NA
"702",903912010,150,0,5,5,2,NA,NA,NA,NA,NA
"703",903980020,117,0,1,20,7,NA,NA,NA,NA,NA
"704",904048010,181,0,5,1,1,NA,NA,NA,NA,NA
"705",904228020,182,0,1,3,2,NA,NA,NA,NA,NA
"706",904238020,140,6,1,15,7,NA,NA,NA,NA,NA
"707",904290010,110,0,5,3,1,NA,NA,NA,NA,NA
"708",904327020,179,0,1,3,2,NA,NA,NA,NA,NA
"709",904400020,140,98,5,20,3,NA,NA,NA,NA,NA
"710",904558010,250,0,5,20,3,NA,NA,NA,NA,NA
"711",904762011,130,1,5,6,1,NA,NA,NA,NA,NA
"712",904941020,165,0,1,20,2,5,10,1,5,1200
"713",904972010,135,4,5,15,7,NA,NA,NA,NA,NA
"714",905037010,194,0,5,5,1,NA,NA,NA,NA,NA
"715",905037020,234,5,5,7,5,NA,NA,NA,NA,NA
"716",905041010,140,2,1,2,3,NA,NA,NA,NA,NA
"717",905041011,187,3,5,5,3,NA,NA,NA,NA,NA
"718",905087020,205,30,5,20,5,NA,NA,NA,NA,NA
"719",905300020,220,98,1,10,4,NA,NA,NA,NA,NA
"720",905385010,152,2,1,3,7,5,5,5,1,600
"721",905724010,150,1,5,3,2,5,10,1,5,1200
"722",906038010,125,4,5,20,1,NA,NA,NA,NA,NA
"723",906084020,240,2,5,20,5,NA,NA,NA,NA,NA
"724",906156011,138,0,5,1,1,NA,NA,NA,NA,NA
"725",906255010,178,0,1,2,1,NA,NA,NA,NA,NA
"726",906693010,160,0,5,30,1,NA,NA,NA,NA,NA
"727",906709010,220,2,1,10,1,NA,NA,NA,NA,NA
"728",906977010,190,3,5,15,4,NA,NA,NA,NA,NA
"729",907284010,205,0,5,4,1,NA,NA,NA,NA,NA
"730",907293010,168,0,5,6,7,NA,NA,NA,NA,NA
"731",907333020,250,0,5,40,2,NA,NA,NA,NA,NA
"732",908049010,205,98,5,3,2,NA,NA,NA,NA,NA
"733",908462010,260,98,5,3,7,NA,NA,NA,NA,NA
"734",908700010,185,0,5,20,4,NA,NA,NA,NA,NA
"735",908795010,205,0,5,10,3,NA,NA,NA,NA,NA
"736",909645010,223,4,5,40,5,NA,NA,NA,NA,NA
"737",910146010,170,2,5,12,2,NA,NA,NA,NA,NA
"738",910204010,220,0,5,20,1,5,10,5,5,1200
"739",910311010,184,2,5,25,2,NA,NA,NA,NA,NA
"740",910419020,180,1,5,12,2,NA,NA,NA,NA,NA
"741",910494010,118,4,1,0,2,NA,NA,NA,NA,NA
"742",910494020,225,16,5,20,2,NA,NA,NA,NA,NA
"743",910512010,100,0,1,2,1,NA,NA,NA,NA,NA
"744",910665010,220,2,5,3,3,NA,NA,NA,NA,NA
"745",910701010,101,1,5,10,2,NA,NA,NA,NA,NA
"746",911014010,167,0,1,20,1,NA,NA,NA,NA,NA
"747",911014020,175,0,1,10,2,NA,NA,NA,NA,NA
"748",911370010,246,0,5,15,2,NA,NA,NA,NA,NA
"749",911451010,130,7,5,98,7,NA,NA,NA,NA,NA
"750",911532020,155,0,5,10,1,NA,NA,NA,NA,NA
"751",912025020,195,0,5,7,1,NA,NA,NA,NA,NA
"752",912068010,135,0,5,10,2,NA,NA,NA,NA,NA
"753",912116010,145,1,5,10,1,NA,NA,NA,NA,NA
"754",912267010,108,4,5,1,4,NA,NA,NA,NA,NA
"755",912349011,240,10,5,6,1,NA,NA,NA,NA,NA
"756",912789010,155,0,5,15,2,NA,NA,NA,NA,NA
"757",912826010,195,98,5,20,2,NA,NA,NA,NA,NA
"758",913105010,180,0,5,7,1,NA,NA,NA,NA,NA
"759",913258011,160,4,5,3,3,1,10,1,5,3600
"760",913327010,165,2,5,4,5,NA,NA,NA,NA,NA
"761",913446010,155,0,5,5,1,NA,NA,NA,NA,NA
"762",913815020,178,3,5,4,3,NA,NA,NA,NA,NA
"763",913905010,130,98,5,10,3,NA,NA,NA,NA,NA
"764",914024020,132,1,5,8,2,NA,NA,NA,NA,NA
"765",914298010,175,4,5,3,1,NA,NA,NA,NA,NA
"766",914455020,175,20,5,10,7,NA,NA,NA,NA,NA
"767",914544010,241,1,5,5,1,NA,NA,NA,NA,NA
"768",914871011,175,2,5,7,4,NA,NA,NA,NA,NA
"769",914945010,205,0,5,4,5,NA,NA,NA,NA,NA
"770",915008010,180,6,5,5,4,NA,NA,NA,NA,NA
"771",915013020,149,5,1,24,3,NA,NA,NA,NA,NA
"772",915190021,170,0,5,10,4,NA,NA,NA,NA,NA
"773",915241010,210,0,5,15,2,NA,NA,NA,NA,NA
"774",915436010,215,0,5,5,1,NA,NA,NA,NA,NA
"775",915508010,163,2,5,15,6,NA,NA,NA,NA,NA
"776",915584010,170,0,5,8,1,NA,NA,NA,NA,NA
"777",915584020,191,0,5,7,1,NA,NA,NA,NA,NA
"778",915759010,167,0,5,20,6,NA,NA,NA,NA,NA
"779",915867010,148,0,5,15,3,NA,NA,NA,NA,NA
"780",915940010,250,0,5,5,2,NA,NA,NA,NA,NA
"781",916134010,147,0,1,5,1,NA,NA,NA,NA,NA
"782",916134020,135,3,1,6,3,NA,NA,NA,NA,NA
"783",916338010,175,0,5,2,1,NA,NA,NA,NA,NA
"784",916444020,155,0,1,15,1,NA,NA,NA,NA,NA
"785",916599010,998,2,1,5,2,NA,NA,NA,NA,NA
"786",916671020,150,4,1,4,3,NA,NA,NA,NA,NA
"787",916682020,190,0,1,20,1,NA,NA,NA,NA,NA
"788",916725021,120,99,1,15,6,NA,NA,NA,NA,NA
"789",917483020,186,3,5,7,2,NA,NA,NA,NA,NA
"790",917567010,160,0,1,10,1,1,9,1,1,1200
"791",918071020,195,0,1,20,2,NA,NA,NA,NA,NA
"792",918138010,194,3,1,20,2,NA,NA,NA,NA,NA
"793",918277010,198,1,1,7,2,NA,NA,NA,NA,NA
"794",918311020,147,5,5,3,3,NA,NA,NA,NA,NA
"795",918312020,200,2,1,20,2,NA,NA,NA,NA,NA
"796",918537010,210,0,5,20,2,NA,NA,NA,NA,NA
"797",918579020,155,1,1,3,5,NA,NA,NA,NA,NA
"798",918993010,200,1,5,20,2,NA,NA,NA,NA,NA
"799",919338010,155,0,5,10,4,NA,NA,NA,NA,NA
"800",919366020,173,7,1,3,5,NA,NA,NA,NA,NA
"801",919517020,177,0,5,10,1,NA,NA,NA,NA,NA
"802",919600010,145,1,1,5,3,NA,NA,NA,NA,NA
"803",919600020,180,0,5,20,3,NA,NA,NA,NA,NA
"804",919604010,188,2,1,10,3,NA,NA,NA,NA,NA
"805",919684010,125,3,5,5,5,NA,NA,NA,NA,NA
"806",923525020,155,9,5,10,4,NA,NA,NA,NA,NA
"807",959738010,135,1,5,7,7,NA,NA,NA,NA,NA
"808",10482010,NA,NA,NA,NA,NA,5,8,5,5,600
"809",10769040,NA,NA,NA,NA,NA,5,5,5,1,1200
"810",10917010,NA,NA,NA,NA,NA,5,10,1,5,1800
"811",11506010,NA,NA,NA,NA,NA,5,9,1,5,1200
"812",11911040,NA,NA,NA,NA,NA,1,10,1,5,1800
"813",11932020,NA,NA,NA,NA,NA,1,10,1,1,600
"814",11933010,NA,NA,NA,NA,NA,1,2,5,5,600
"815",12285010,NA,NA,NA,NA,NA,5,10,5,5,600
"816",12964040,NA,NA,NA,NA,NA,1,10,1,5,1400
"817",13465010,NA,NA,NA,NA,NA,5,9,5,5,1200
"818",13784040,NA,NA,NA,NA,NA,5,9,5,5,1200
"819",13802020,NA,NA,NA,NA,NA,1,9,1,5,1800
"820",14802010,NA,NA,NA,NA,NA,5,8,1,5,600
"821",15294010,NA,NA,NA,NA,NA,1,5,1,5,600
"822",15536010,NA,NA,NA,NA,NA,5,10,5,1,9998
"823",15793010,NA,NA,NA,NA,NA,5,9,5,5,9998
"824",15801040,NA,NA,NA,NA,NA,1,8,5,5,1600
"825",15836020,NA,NA,NA,NA,NA,5,10,5,5,1200
"826",15992020,NA,NA,NA,NA,NA,5,8,5,5,1800
"827",16116010,NA,NA,NA,NA,NA,1,10,5,5,2400
"828",17449010,NA,NA,NA,NA,NA,5,10,1,5,600
"829",17520010,NA,NA,NA,NA,NA,1,10,1,5,600
"830",18200020,NA,NA,NA,NA,NA,1,7,5,5,600
"831",19442040,NA,NA,NA,NA,NA,1,10,1,5,1200
"832",19564010,NA,NA,NA,NA,NA,5,10,5,5,1240
"833",19935011,NA,NA,NA,NA,NA,1,4,5,5,2800
"834",19950010,NA,NA,NA,NA,NA,1,10,1,5,1
"835",19973010,NA,NA,NA,NA,NA,1,10,1,5,2400
"836",20634010,NA,NA,NA,NA,NA,5,10,5,5,2800
"837",21078010,NA,NA,NA,NA,NA,1,10,1,5,1200
"838",21081010,NA,NA,NA,NA,NA,1,10,1,5,1200
"839",21668020,NA,NA,NA,NA,NA,1,10,5,5,1800
"840",23524030,NA,NA,NA,NA,NA,5,7,5,5,1200
"841",23817010,NA,NA,NA,NA,NA,5,10,5,5,600
"842",24366011,NA,NA,NA,NA,NA,5,10,5,5,9999
"843",24403020,NA,NA,NA,NA,NA,1,8,5,5,600
"844",30645010,NA,NA,NA,NA,NA,5,8,1,1,1800
"845",31590010,NA,NA,NA,NA,NA,1,7,5,5,600
"846",32399030,NA,NA,NA,NA,NA,5,7,5,5,1200
"847",35704020,NA,NA,NA,NA,NA,1,10,5,5,2000
"848",35982040,NA,NA,NA,NA,NA,1,10,5,5,600
"849",36277040,NA,NA,NA,NA,NA,5,1,5,1,1800
"850",36510040,NA,NA,NA,NA,NA,5,5,1,5,1200
"851",36946012,NA,NA,NA,NA,NA,5,10,1,5,600
"852",37431030,NA,NA,NA,NA,NA,5,5,1,1,1200
"853",39196040,NA,NA,NA,NA,NA,1,10,5,5,1200
"854",39583010,NA,NA,NA,NA,NA,1,10,5,5,1200
"855",40416010,NA,NA,NA,NA,NA,1,10,5,5,2000
"856",41166010,NA,NA,NA,NA,NA,5,10,5,5,600
"857",41313040,NA,NA,NA,NA,NA,1,8,5,5,9998
"858",42503010,NA,NA,NA,NA,NA,1,5,1,5,1200
"859",43151040,NA,NA,NA,NA,NA,5,5,5,5,600
"860",43512010,NA,NA,NA,NA,NA,5,10,1,5,1800
"861",44460040,NA,NA,NA,NA,NA,1,7,1,1,1200
"862",45433011,NA,NA,NA,NA,NA,1,10,1,5,600
"863",45749020,NA,NA,NA,NA,NA,5,9,5,1,1800
"864",46793010,NA,NA,NA,NA,NA,5,7,5,5,1200
"865",47148011,NA,NA,NA,NA,NA,5,3,5,5,1200
"866",47495011,NA,NA,NA,NA,NA,1,5,5,5,1800
"867",48615040,NA,NA,NA,NA,NA,1,10,5,5,1800
"868",48621030,NA,NA,NA,NA,NA,5,8,5,5,1800
"869",49801020,NA,NA,NA,NA,NA,5,10,5,1,9998
"870",50158010,NA,NA,NA,NA,NA,1,9,5,5,600
"871",50181020,NA,NA,NA,NA,NA,5,5,1,5,1525
"872",50237040,NA,NA,NA,NA,NA,1,1,5,5,600
"873",51062040,NA,NA,NA,NA,NA,1,9,5,5,1800
"874",51270010,NA,NA,NA,NA,NA,5,10,5,5,1800
"875",51470010,NA,NA,NA,NA,NA,1,10,1,5,1200
"876",53776010,NA,NA,NA,NA,NA,1,8,5,5,2600
"877",54586020,NA,NA,NA,NA,NA,5,10,5,5,1200
"878",54669030,NA,NA,NA,NA,NA,5,10,5,5,2400
"879",55634010,NA,NA,NA,NA,NA,5,998,5,5,9998
"880",56461040,NA,NA,NA,NA,NA,5,10,1,5,600
"881",57743012,NA,NA,NA,NA,NA,5,5,5,5,1200
"882",58184010,NA,NA,NA,NA,NA,1,10,5,5,800
"883",58384030,NA,NA,NA,NA,NA,5,7,5,1,1200
"884",58405010,NA,NA,NA,NA,NA,8,9,1,5,1200
"885",60077020,NA,NA,NA,NA,NA,1,10,1,5,600
"886",60404010,NA,NA,NA,NA,NA,1,8,1,5,2000
"887",64343010,NA,NA,NA,NA,NA,5,8,1,5,1200
"888",64372010,NA,NA,NA,NA,NA,5,7,5,5,3000
"889",64525010,NA,NA,NA,NA,NA,5,10,1,5,600
"890",71305010,NA,NA,NA,NA,NA,1,10,1,5,600
"891",73149010,NA,NA,NA,NA,NA,5,10,1,1,2400
"892",80398030,NA,NA,NA,NA,NA,5,1,5,5,1200
"893",81529040,NA,NA,NA,NA,NA,5,10,5,5,2400
"894",82692010,NA,NA,NA,NA,NA,1,1,5,5,1300
"895",84005010,NA,NA,NA,NA,NA,1,5,5,5,1800
"896",84433020,NA,NA,NA,NA,NA,1,10,5,5,600
"897",85969010,NA,NA,NA,NA,NA,5,10,5,5,1800
"898",86106040,NA,NA,NA,NA,NA,5,9,5,5,600
"899",86192010,NA,NA,NA,NA,NA,1,10,1,5,2000
"900",86324010,NA,NA,NA,NA,NA,5,10,1,5,2800
"901",86648021,NA,NA,NA,NA,NA,1,10,1,5,1800
"902",87287020,NA,NA,NA,NA,NA,5,10,1,5,9999
"903",111919021,NA,NA,NA,NA,NA,1,10,5,1,600
"904",112450010,NA,NA,NA,NA,NA,1,10,1,5,2400
"905",112752020,NA,NA,NA,NA,NA,1,6,5,5,1200
"906",114454010,NA,NA,NA,NA,NA,5,9,5,5,1200
"907",116027010,NA,NA,NA,NA,NA,1,9,5,5,1400
"908",118598010,NA,NA,NA,NA,NA,1,10,5,5,600
"909",120881010,NA,NA,NA,NA,NA,5,5,1,5,1200
"910",121665020,NA,NA,NA,NA,NA,5,8,5,1,600
"911",123003020,NA,NA,NA,NA,NA,5,3,1,5,1800
"912",124590020,NA,NA,NA,NA,NA,5,5,5,5,1800
"913",130890010,NA,NA,NA,NA,NA,5,10,5,1,1000
"914",131930020,NA,NA,NA,NA,NA,1,7,5,1,6400
"915",133147020,NA,NA,NA,NA,NA,5,6,5,5,600
"916",141019010,NA,NA,NA,NA,NA,5,5,5,5,3000
"917",142639020,NA,NA,NA,NA,NA,1,10,1,1,9998
"918",144246020,NA,NA,NA,NA,NA,1,5,1,5,7600
"919",146133010,NA,NA,NA,NA,NA,5,5,5,5,1200
"920",148397010,NA,NA,NA,NA,NA,1,8,1,5,1200
"921",149370021,NA,NA,NA,NA,NA,1,7,1,5,600
"922",150370010,NA,NA,NA,NA,NA,1,7,1,1,1400
"923",150875010,NA,NA,NA,NA,NA,5,10,5,5,1200
"924",151447010,NA,NA,NA,NA,NA,5,5,1,5,1200
"925",152136020,NA,NA,NA,NA,NA,5,10,5,5,9998
"926",156063020,NA,NA,NA,NA,NA,1,5,5,5,1200
"927",158252020,NA,NA,NA,NA,NA,1,10,5,5,3800
"928",163574020,NA,NA,NA,NA,NA,1,10,1,1,1200
"929",171504010,NA,NA,NA,NA,NA,5,10,5,5,600
"930",172150020,NA,NA,NA,NA,NA,5,10,5,5,1200
"931",176413010,NA,NA,NA,NA,NA,1,5,5,5,1200
"932",178259012,NA,NA,NA,NA,NA,5,10,5,1,600
"933",179165010,NA,NA,NA,NA,NA,5,5,1,5,1200
"934",179885010,NA,NA,NA,NA,NA,5,3,5,1,2400
"935",180361020,NA,NA,NA,NA,NA,5,10,5,5,1800
"936",184954020,NA,NA,NA,NA,NA,5,4,5,5,2400
"937",185442010,NA,NA,NA,NA,NA,1,5,1,5,600
"938",186155011,NA,NA,NA,NA,NA,1,4,5,1,1600
"939",186771020,NA,NA,NA,NA,NA,1,998,5,5,2000
"940",186877020,NA,NA,NA,NA,NA,1,8,5,5,1200
"941",187666020,NA,NA,NA,NA,NA,5,10,5,5,1200
"942",201363020,NA,NA,NA,NA,NA,1,10,1,1,2000
"943",207603020,NA,NA,NA,NA,NA,5,5,5,5,500
"944",208005020,NA,NA,NA,NA,NA,1,10,1,5,600
"945",208345020,NA,NA,NA,NA,NA,5,8,5,5,600
"946",210601011,NA,NA,NA,NA,NA,1,1,5,5,600
"947",210725020,NA,NA,NA,NA,NA,5,1,5,5,600
"948",211530020,NA,NA,NA,NA,NA,5,10,1,5,600
"949",211979020,NA,NA,NA,NA,NA,1,1,5,5,900
"950",212474010,NA,NA,NA,NA,NA,8,1,5,5,1200
"951",212893020,NA,NA,NA,NA,NA,1,9,5,5,600
"952",213097010,NA,NA,NA,NA,NA,5,1,5,5,600
"953",500001010,NA,NA,NA,NA,NA,5,10,1,5,600
"954",500004011,NA,NA,NA,NA,NA,5,8,5,5,600
"955",500034020,NA,NA,NA,NA,NA,1,10,1,5,1200
"956",500055010,NA,NA,NA,NA,NA,1,10,5,5,1200
"957",500094020,NA,NA,NA,NA,NA,1,10,1,1,9998
"958",500230011,NA,NA,NA,NA,NA,1,7,5,5,600
"959",500249020,NA,NA,NA,NA,NA,1,10,5,5,1200
"960",500308020,NA,NA,NA,NA,NA,1,10,1,5,600
"961",500332010,NA,NA,NA,NA,NA,5,7,1,5,600
"962",500346010,NA,NA,NA,NA,NA,5,4,5,5,1200
"963",500346020,NA,NA,NA,NA,NA,5,5,5,5,600
"964",500355010,NA,NA,NA,NA,NA,5,8,1,5,1800
"965",500410010,NA,NA,NA,NA,NA,5,10,5,5,1200
"966",500450010,NA,NA,NA,NA,NA,5,5,5,5,600
"967",500473020,NA,NA,NA,NA,NA,5,10,5,5,600
"968",500521010,NA,NA,NA,NA,NA,1,9,5,5,600
"969",500537010,NA,NA,NA,NA,NA,1,10,1,5,1200
"970",500563010,NA,NA,NA,NA,NA,5,10,1,5,600
"971",500670020,NA,NA,NA,NA,NA,5,8,5,1,9999
"972",500731010,NA,NA,NA,NA,NA,1,7,1,5,600
"973",500784020,NA,NA,NA,NA,NA,1,10,5,5,1200
"974",500838020,NA,NA,NA,NA,NA,1,1,1,5,2000
"975",500848020,NA,NA,NA,NA,NA,5,4,5,1,1200
"976",500864010,NA,NA,NA,NA,NA,1,8,1,5,1200
"977",500902010,NA,NA,NA,NA,NA,1,9,5,1,600
"978",501015010,NA,NA,NA,NA,NA,1,7,5,5,1200
"979",501099010,NA,NA,NA,NA,NA,5,5,5,1,1200
"980",501103020,NA,NA,NA,NA,NA,5,9,1,5,1200
"981",501146010,NA,NA,NA,NA,NA,1,3,1,5,1200
"982",501162010,NA,NA,NA,NA,NA,1,8,5,5,2000
"983",501163010,NA,NA,NA,NA,NA,5,10,5,5,1800
"984",501189020,NA,NA,NA,NA,NA,5,10,1,5,3800
"985",501196010,NA,NA,NA,NA,NA,1,10,1,5,3000
"986",501196011,NA,NA,NA,NA,NA,1,8,1,5,9999
"987",501215010,NA,NA,NA,NA,NA,1,10,1,5,1000
"988",501340010,NA,NA,NA,NA,NA,1,7,5,5,1200
"989",501382020,NA,NA,NA,NA,NA,1,10,1,5,1200
"990",501472010,NA,NA,NA,NA,NA,1,10,1,5,1800
"991",501496010,NA,NA,NA,NA,NA,1,8,5,5,1200
"992",501503010,NA,NA,NA,NA,NA,5,10,1,1,600
"993",501507010,NA,NA,NA,NA,NA,1,10,1,5,600
"994",501513010,NA,NA,NA,NA,NA,5,5,5,5,1200
"995",501527010,NA,NA,NA,NA,NA,5,4,1,5,9998
"996",501541010,NA,NA,NA,NA,NA,1,10,1,5,600
"997",501556010,NA,NA,NA,NA,NA,5,7,5,5,1200
"998",501629010,NA,NA,NA,NA,NA,5,10,5,5,600
"999",501773020,NA,NA,NA,NA,NA,5,5,5,5,600
"1000",501791010,NA,NA,NA,NA,NA,1,10,5,5,1200
"1001",501798011,NA,NA,NA,NA,NA,5,5,1,1,600
"1002",501814010,NA,NA,NA,NA,NA,5,10,1,5,3600
"1003",501882010,NA,NA,NA,NA,NA,1,10,1,5,265
"1004",501901010,NA,NA,NA,NA,NA,5,9,1,5,5600
"1005",501989010,NA,NA,NA,NA,NA,5,1,1,1,4000
"1006",501994010,NA,NA,NA,NA,NA,1,10,5,5,419
"1007",502125010,NA,NA,NA,NA,NA,5,5,5,5,1800
"1008",502130020,NA,NA,NA,NA,NA,5,10,1,5,3400
"1009",502336020,NA,NA,NA,NA,NA,1,5,1,1,1800
"1010",502518010,NA,NA,NA,NA,NA,1,998,5,5,600
"1011",502618011,NA,NA,NA,NA,NA,1,9,5,1,600
"1012",502643010,NA,NA,NA,NA,NA,5,6,5,5,2000
"1013",502653020,NA,NA,NA,NA,NA,1,10,5,5,1200
"1014",502660020,NA,NA,NA,NA,NA,5,3,5,1,140
"1015",520142020,NA,NA,NA,NA,NA,1,10,5,5,600
"1016",520150010,NA,NA,NA,NA,NA,5,8,5,1,4200
"1017",520325010,NA,NA,NA,NA,NA,5,7,1,5,3000
"1018",520376020,NA,NA,NA,NA,NA,5,5,5,5,600
"1019",520453020,NA,NA,NA,NA,NA,5,2,5,1,1200
"1020",520591010,NA,NA,NA,NA,NA,1,8,5,5,1200
"1021",520665010,NA,NA,NA,NA,NA,5,6,5,5,9998
"1022",520668010,NA,NA,NA,NA,NA,5,10,5,1,1200
"1023",520759020,NA,NA,NA,NA,NA,5,1,1,5,1200
"1024",520811010,NA,NA,NA,NA,NA,5,10,1,5,1400
"1025",520818020,NA,NA,NA,NA,NA,1,8,1,1,3600
"1026",520936020,NA,NA,NA,NA,NA,5,10,5,1,1200
"1027",520946010,NA,NA,NA,NA,NA,5,5,5,5,600
"1028",520976010,NA,NA,NA,NA,NA,1,10,5,5,1200
"1029",520979020,NA,NA,NA,NA,NA,5,10,1,1,3600
"1030",520980020,NA,NA,NA,NA,NA,5,9,5,5,9999
"1031",521068010,NA,NA,NA,NA,NA,5,5,1,5,600
"1032",521087010,NA,NA,NA,NA,NA,5,7,5,5,600
"1033",521087011,NA,NA,NA,NA,NA,5,3,5,1,1200
"1034",521915010,NA,NA,NA,NA,NA,1,10,5,5,1200
"1035",521978020,NA,NA,NA,NA,NA,1,7,1,5,1800
"1036",521980010,NA,NA,NA,NA,NA,5,5,5,5,1800
"1037",522031011,NA,NA,NA,NA,NA,5,1,5,5,3200
"1038",522170020,NA,NA,NA,NA,NA,5,10,1,5,600
"1039",522175020,NA,NA,NA,NA,NA,1,10,1,5,1200
"1040",522190010,NA,NA,NA,NA,NA,1,10,1,5,2600
"1041",522245010,NA,NA,NA,NA,NA,5,8,5,1,1200
"1042",522500020,NA,NA,NA,NA,NA,5,10,1,5,1200
"1043",522512010,NA,NA,NA,NA,NA,5,7,1,5,1200
"1044",522538010,NA,NA,NA,NA,NA,1,10,1,1,2400
"1045",522571020,NA,NA,NA,NA,NA,5,9,1,5,1800
"1046",522819011,NA,NA,NA,NA,NA,1,10,1,5,600
"1047",522836010,NA,NA,NA,NA,NA,1,10,5,5,1200
"1048",522851020,NA,NA,NA,NA,NA,1,10,5,5,1200
"1049",522918020,NA,NA,NA,NA,NA,1,10,1,5,600
"1050",522948010,NA,NA,NA,NA,NA,1,8,5,5,9998
"1051",523210010,NA,NA,NA,NA,NA,5,10,5,1,2400
"1052",523271010,NA,NA,NA,NA,NA,5,8,1,5,9998
"1053",523359011,NA,NA,NA,NA,NA,1,9,5,5,2000
"1054",523575010,NA,NA,NA,NA,NA,1,9,5,5,1200
"1055",523862010,NA,NA,NA,NA,NA,5,10,1,5,1200
"1056",523907010,NA,NA,NA,NA,NA,5,1,5,5,1400
"1057",523921010,NA,NA,NA,NA,NA,5,10,1,5,1200
"1058",523940010,NA,NA,NA,NA,NA,5,6,5,1,1800
"1059",524284020,NA,NA,NA,NA,NA,5,10,1,1,600
"1060",524325010,NA,NA,NA,NA,NA,5,10,1,5,600
"1061",524413010,NA,NA,NA,NA,NA,5,10,5,5,600
"1062",524467020,NA,NA,NA,NA,NA,1,8,1,5,600
"1063",524470010,NA,NA,NA,NA,NA,1,10,1,1,600
"1064",524557020,NA,NA,NA,NA,NA,1,8,1,1,3600
"1065",524560020,NA,NA,NA,NA,NA,5,9,1,1,600
"1066",524628010,NA,NA,NA,NA,NA,1,9,1,5,1800
"1067",524779010,NA,NA,NA,NA,NA,5,10,1,5,600
"1068",524785021,NA,NA,NA,NA,NA,5,10,1,5,2400
"1069",524857010,NA,NA,NA,NA,NA,5,10,1,5,1200
"1070",525248010,NA,NA,NA,NA,NA,1,8,1,5,600
"1071",525273010,NA,NA,NA,NA,NA,1,10,1,5,1200
"1072",525520010,NA,NA,NA,NA,NA,1,6,1,5,600
"1073",525520020,NA,NA,NA,NA,NA,5,5,1,5,1800
"1074",525552010,NA,NA,NA,NA,NA,5,10,1,5,2200
"1075",525580020,NA,NA,NA,NA,NA,1,10,1,5,1200
"1076",525683010,NA,NA,NA,NA,NA,1,10,1,5,1200
"1077",525689020,NA,NA,NA,NA,NA,5,9,1,1,1200
"1078",525994010,NA,NA,NA,NA,NA,5,6,5,5,2400
"1079",526215020,NA,NA,NA,NA,NA,5,8,1,1,1200
"1080",526308010,NA,NA,NA,NA,NA,5,8,5,5,1200
"1081",526333010,NA,NA,NA,NA,NA,5,5,5,5,3600
"1082",526353010,NA,NA,NA,NA,NA,1,7,5,1,1200
"1083",526663010,NA,NA,NA,NA,NA,1,7,1,1,3000
"1084",526826010,NA,NA,NA,NA,NA,5,7,5,5,600
"1085",526920020,NA,NA,NA,NA,NA,5,10,1,5,9999
"1086",526930010,NA,NA,NA,NA,NA,5,10,5,8,600
"1087",526973010,NA,NA,NA,NA,NA,5,5,5,5,600
"1088",527182010,NA,NA,NA,NA,NA,8,8,5,5,1200
"1089",527273010,NA,NA,NA,NA,NA,1,9,5,5,600
"1090",527338010,NA,NA,NA,NA,NA,5,10,5,8,1200
"1091",527348021,NA,NA,NA,NA,NA,5,5,5,5,1800
"1092",527362010,NA,NA,NA,NA,NA,5,1,5,1,3000
"1093",527387010,NA,NA,NA,NA,NA,5,8,5,5,1200
"1094",527576010,NA,NA,NA,NA,NA,5,10,5,5,178
"1095",527671020,NA,NA,NA,NA,NA,5,9,5,1,1800
"1096",527727010,NA,NA,NA,NA,NA,5,1,5,5,2400
"1097",527733010,NA,NA,NA,NA,NA,1,8,1,1,2400
"1098",527877010,NA,NA,NA,NA,NA,5,6,5,5,600
"1099",527967011,NA,NA,NA,NA,NA,1,10,5,1,1800
"1100",528249010,NA,NA,NA,NA,NA,5,5,1,5,9998
"1101",528543010,NA,NA,NA,NA,NA,5,9,1,5,600
"1102",528728010,NA,NA,NA,NA,NA,1,10,1,1,1200
"1103",528753010,NA,NA,NA,NA,NA,5,10,5,5,1200
"1104",528969010,NA,NA,NA,NA,NA,5,10,1,5,2400
"1105",529129010,NA,NA,NA,NA,NA,5,10,1,5,1800
"1106",529131020,NA,NA,NA,NA,NA,1,10,1,5,1200
"1107",529253020,NA,NA,NA,NA,NA,5,3,1,1,1200
"1108",529434020,NA,NA,NA,NA,NA,1,8,5,1,1800
"1109",529735010,NA,NA,NA,NA,NA,5,10,1,5,600
"1110",529885020,NA,NA,NA,NA,NA,5,3,1,5,1200
"1111",529989010,NA,NA,NA,NA,NA,1,10,5,5,600
"1112",530211010,NA,NA,NA,NA,NA,5,8,5,5,1200
"1113",530462020,NA,NA,NA,NA,NA,5,10,1,5,3600
"1114",530618020,NA,NA,NA,NA,NA,5,8,1,1,600
"1115",530633010,NA,NA,NA,NA,NA,5,7,5,1,2800
"1116",530800010,NA,NA,NA,NA,NA,5,10,5,5,600
"1117",530842010,NA,NA,NA,NA,NA,5,10,1,5,1200
"1118",530909020,NA,NA,NA,NA,NA,1,998,5,5,2800
"1119",531033010,NA,NA,NA,NA,NA,1,5,5,5,600
"1120",531102010,NA,NA,NA,NA,NA,5,2,5,5,1200
"1121",531680010,NA,NA,NA,NA,NA,5,7,1,5,3400
"1122",531742010,NA,NA,NA,NA,NA,1,10,1,5,600
"1123",532227020,NA,NA,NA,NA,NA,5,10,1,5,600
"1124",532455010,NA,NA,NA,NA,NA,1,10,1,5,600
"1125",532809010,NA,NA,NA,NA,NA,5,10,1,5,9998
"1126",532928010,NA,NA,NA,NA,NA,5,10,1,5,600
"1127",533097010,NA,NA,NA,NA,NA,1,10,5,5,1800
"1128",533097020,NA,NA,NA,NA,NA,5,10,5,5,1500
"1129",533192010,NA,NA,NA,NA,NA,5,1,1,5,1200
"1130",533229010,NA,NA,NA,NA,NA,5,10,1,5,600
"1131",533368020,NA,NA,NA,NA,NA,1,10,1,5,3200
"1132",534113010,NA,NA,NA,NA,NA,1,10,1,1,1584
"1133",534272010,NA,NA,NA,NA,NA,5,8,1,5,2400
"1134",534319010,NA,NA,NA,NA,NA,5,9,5,5,5200
"1135",534632020,NA,NA,NA,NA,NA,1,5,1,5,2400
"1136",534696010,NA,NA,NA,NA,NA,1,7,1,5,1200
"1137",534796020,NA,NA,NA,NA,NA,1,10,1,1,1800
"1138",534819010,NA,NA,NA,NA,NA,1,9,5,5,1200
"1139",535133010,NA,NA,NA,NA,NA,5,3,5,5,600
"1140",535227010,NA,NA,NA,NA,NA,1,10,5,5,1200
"1141",535227011,NA,NA,NA,NA,NA,1,10,5,5,1200
"1142",535283010,NA,NA,NA,NA,NA,5,2,5,5,1200
"1143",535408010,NA,NA,NA,NA,NA,5,5,1,5,2000
"1144",535848020,NA,NA,NA,NA,NA,1,10,1,5,9998
"1145",536056010,NA,NA,NA,NA,NA,1,10,5,5,5000
"1146",536485010,NA,NA,NA,NA,NA,1,10,1,1,1200
"1147",537126010,NA,NA,NA,NA,NA,1,8,1,5,3600
"1148",537521020,NA,NA,NA,NA,NA,1,4,5,1,1200
"1149",537596020,NA,NA,NA,NA,NA,1,10,1,5,1800
"1150",540013010,NA,NA,NA,NA,NA,1,4,5,5,920
"1151",540079010,NA,NA,NA,NA,NA,5,10,5,5,3200
"1152",540122010,NA,NA,NA,NA,NA,5,10,1,5,9998
"1153",540135010,NA,NA,NA,NA,NA,5,5,5,5,1200
"1154",540180010,NA,NA,NA,NA,NA,5,10,1,1,1200
"1155",540239020,NA,NA,NA,NA,NA,5,10,1,5,9999
"1156",540290010,NA,NA,NA,NA,NA,5,10,5,5,1200
"1157",540292010,NA,NA,NA,NA,NA,5,6,5,5,1200
"1158",540310010,NA,NA,NA,NA,NA,5,2,1,5,6800
"1159",540329010,NA,NA,NA,NA,NA,5,10,1,5,2600
"1160",540380010,NA,NA,NA,NA,NA,5,1,1,5,1200
"1161",540419010,NA,NA,NA,NA,NA,1,8,5,5,1400
"1162",540525010,NA,NA,NA,NA,NA,1,10,1,5,2400
"1163",540544010,NA,NA,NA,NA,NA,5,4,5,1,1200
"1164",540544020,NA,NA,NA,NA,NA,5,6,5,1,1200
"1165",540574020,NA,NA,NA,NA,NA,5,3,5,5,5400
"1166",540576020,NA,NA,NA,NA,NA,5,9,5,5,1200
"1167",540634010,NA,NA,NA,NA,NA,1,5,5,1,1800
"1168",540667020,NA,NA,NA,NA,NA,5,6,1,5,2400
"1169",540685020,NA,NA,NA,NA,NA,5,10,5,5,2400
"1170",540691010,NA,NA,NA,NA,NA,5,8,5,5,2400
"1171",540721010,NA,NA,NA,NA,NA,1,10,5,5,600
"1172",540727010,NA,NA,NA,NA,NA,5,8,1,5,1200
"1173",540858010,NA,NA,NA,NA,NA,1,9,5,5,600
"1174",540935010,NA,NA,NA,NA,NA,5,10,5,5,600
"1175",540935011,NA,NA,NA,NA,NA,1,10,1,5,1200
"1176",540975010,NA,NA,NA,NA,NA,5,10,1,5,2400
"1177",541013010,NA,NA,NA,NA,NA,5,5,1,5,2500
"1178",541030010,NA,NA,NA,NA,NA,5,7,5,5,600
"1179",541040010,NA,NA,NA,NA,NA,5,10,1,1,1700
"1180",541051010,NA,NA,NA,NA,NA,5,10,1,5,600
"1181",541138020,NA,NA,NA,NA,NA,5,10,1,5,1200
"1182",541214020,NA,NA,NA,NA,NA,5,7,5,1,1800
"1183",541259010,NA,NA,NA,NA,NA,5,10,5,1,600
"1184",541292010,NA,NA,NA,NA,NA,5,10,1,5,3100
"1185",541338010,NA,NA,NA,NA,NA,5,5,5,5,9998
"1186",541358010,NA,NA,NA,NA,NA,5,10,1,5,1800
"1187",541368010,NA,NA,NA,NA,NA,5,5,1,5,1200
"1188",541371010,NA,NA,NA,NA,NA,1,10,5,1,1800
"1189",541482010,NA,NA,NA,NA,NA,5,10,5,5,1600
"1190",541486010,NA,NA,NA,NA,NA,5,10,1,5,2400
"1191",541525020,NA,NA,NA,NA,NA,5,10,5,5,2900
"1192",541594010,NA,NA,NA,NA,NA,5,3,5,5,600
"1193",541612010,NA,NA,NA,NA,NA,5,8,5,5,1200
"1194",541723010,NA,NA,NA,NA,NA,5,10,5,5,600
"1195",541728010,NA,NA,NA,NA,NA,5,10,1,5,600
"1196",541782010,NA,NA,NA,NA,NA,5,5,1,5,1200
"1197",541796010,NA,NA,NA,NA,NA,1,10,1,5,1200
"1198",541841010,NA,NA,NA,NA,NA,5,8,5,5,2400
"1199",541845010,NA,NA,NA,NA,NA,5,10,5,1,600
"1200",541919020,NA,NA,NA,NA,NA,1,1,5,5,2400
"1201",541923020,NA,NA,NA,NA,NA,5,1,5,1,1200
"1202",541925020,NA,NA,NA,NA,NA,5,7,5,1,9998
"1203",541926010,NA,NA,NA,NA,NA,5,7,1,5,3200
"1204",541938010,NA,NA,NA,NA,NA,5,10,5,5,1800
"1205",541989010,NA,NA,NA,NA,NA,5,5,5,5,600
"1206",542032010,NA,NA,NA,NA,NA,5,1,1,5,600
"1207",542063010,NA,NA,NA,NA,NA,1,8,5,5,2000
"1208",542163020,NA,NA,NA,NA,NA,1,8,1,1,1200
"1209",542258020,NA,NA,NA,NA,NA,5,10,5,5,3600
"1210",542274010,NA,NA,NA,NA,NA,1,4,5,1,1200
"1211",542274020,NA,NA,NA,NA,NA,1,10,1,5,1200
"1212",542348010,NA,NA,NA,NA,NA,1,5,1,1,1200
"1213",542508010,NA,NA,NA,NA,NA,5,7,1,5,3600
"1214",542520010,NA,NA,NA,NA,NA,5,10,5,5,600
"1215",542629010,NA,NA,NA,NA,NA,5,6,5,1,1200
"1216",542649010,NA,NA,NA,NA,NA,1,10,1,1,600
"1217",542668020,NA,NA,NA,NA,NA,5,3,5,5,4000
"1218",542677010,NA,NA,NA,NA,NA,1,10,1,5,1200
"1219",542695020,NA,NA,NA,NA,NA,5,7,5,5,9999
"1220",542768010,NA,NA,NA,NA,NA,5,10,1,5,1800
"1221",542769010,NA,NA,NA,NA,NA,5,10,5,5,2000
"1222",542784010,NA,NA,NA,NA,NA,5,5,5,1,1200
"1223",542894010,NA,NA,NA,NA,NA,5,10,1,5,3600
"1224",542996020,NA,NA,NA,NA,NA,5,5,5,5,1800
"1225",543022010,NA,NA,NA,NA,NA,1,8,1,5,1800
"1226",543046020,NA,NA,NA,NA,NA,5,10,1,5,600
"1227",543051010,NA,NA,NA,NA,NA,5,10,5,5,2400
"1228",543051020,NA,NA,NA,NA,NA,1,10,5,1,9999
"1229",543063020,NA,NA,NA,NA,NA,5,7,1,5,1200
"1230",543068020,NA,NA,NA,NA,NA,5,10,1,1,2400
"1231",543106010,NA,NA,NA,NA,NA,1,8,5,5,1170
"1232",543111010,NA,NA,NA,NA,NA,5,10,1,5,600
"1233",543129010,NA,NA,NA,NA,NA,5,3,1,5,1800
"1234",543150010,NA,NA,NA,NA,NA,5,10,5,5,1800
"1235",543218010,NA,NA,NA,NA,NA,5,10,5,5,600
"1236",543245010,NA,NA,NA,NA,NA,5,8,1,5,1200
"1237",543251010,NA,NA,NA,NA,NA,5,6,5,1,1200
"1238",543259020,NA,NA,NA,NA,NA,1,4,1,1,4800
"1239",543312010,NA,NA,NA,NA,NA,5,1,1,5,1200
"1240",543312011,NA,NA,NA,NA,NA,5,7,1,5,2900
"1241",543374010,NA,NA,NA,NA,NA,1,10,5,5,600
"1242",543380010,NA,NA,NA,NA,NA,5,5,1,5,1800
"1243",543401010,NA,NA,NA,NA,NA,5,7,1,5,1200
"1244",543456010,NA,NA,NA,NA,NA,5,7,1,1,1200
"1245",543462020,NA,NA,NA,NA,NA,5,10,5,5,1200
"1246",543514020,NA,NA,NA,NA,NA,5,10,1,1,1200
"1247",543558010,NA,NA,NA,NA,NA,5,10,1,5,600
"1248",543577010,NA,NA,NA,NA,NA,1,10,1,5,1800
"1249",543681020,NA,NA,NA,NA,NA,5,1,1,5,2400
"1250",543711010,NA,NA,NA,NA,NA,1,8,1,1,600
"1251",543718020,NA,NA,NA,NA,NA,5,10,5,1,1800
"1252",543743010,NA,NA,NA,NA,NA,5,10,1,5,600
"1253",543794020,NA,NA,NA,NA,NA,5,1,1,1,1200
"1254",543818010,NA,NA,NA,NA,NA,1,7,5,5,600
"1255",543823010,NA,NA,NA,NA,NA,5,9,1,5,1800
"1256",543825020,NA,NA,NA,NA,NA,5,10,1,5,2400
"1257",543849010,NA,NA,NA,NA,NA,1,9,1,5,1200
"1258",543859020,NA,NA,NA,NA,NA,5,10,1,5,1200
"1259",543901010,NA,NA,NA,NA,NA,5,7,1,5,2000
"1260",543942010,NA,NA,NA,NA,NA,1,10,5,5,1800
"1261",544041010,NA,NA,NA,NA,NA,5,10,5,5,1200
"1262",544110010,NA,NA,NA,NA,NA,5,10,5,5,600
"1263",544141020,NA,NA,NA,NA,NA,5,10,1,5,2400
"1264",544148010,NA,NA,NA,NA,NA,1,10,1,5,5000
"1265",544159010,NA,NA,NA,NA,NA,5,7,1,1,1200
"1266",544185010,NA,NA,NA,NA,NA,5,10,1,5,1800
"1267",544201010,NA,NA,NA,NA,NA,5,8,5,5,1800
"1268",544245010,NA,NA,NA,NA,NA,5,8,5,5,2400
"1269",544295010,NA,NA,NA,NA,NA,5,5,1,1,4000
"1270",544321010,NA,NA,NA,NA,NA,5,7,5,5,9998
"1271",544334010,NA,NA,NA,NA,NA,5,10,5,1,1200
"1272",544340010,NA,NA,NA,NA,NA,5,10,1,5,600
"1273",544346010,NA,NA,NA,NA,NA,1,10,1,5,1200
"1274",544347010,NA,NA,NA,NA,NA,5,10,5,5,600
"1275",544347020,NA,NA,NA,NA,NA,5,3,5,5,9998
"1276",544348010,NA,NA,NA,NA,NA,5,10,1,1,9999
"1277",544386010,NA,NA,NA,NA,NA,5,1,5,5,1800
"1278",544422010,NA,NA,NA,NA,NA,1,10,5,5,1800
"1279",544497010,NA,NA,NA,NA,NA,5,10,5,5,1800
"1280",544501010,NA,NA,NA,NA,NA,5,10,5,5,1200
"1281",544519020,NA,NA,NA,NA,NA,5,7,1,1,2400
"1282",544604020,NA,NA,NA,NA,NA,1,5,1,1,1600
"1283",544641010,NA,NA,NA,NA,NA,5,8,1,1,1200
"1284",544641020,NA,NA,NA,NA,NA,5,9,1,1,1200
"1285",544682011,NA,NA,NA,NA,NA,5,10,1,1,600
"1286",544693010,NA,NA,NA,NA,NA,5,10,1,5,1200
"1287",544730010,NA,NA,NA,NA,NA,5,4,5,5,1200
"1288",544796010,NA,NA,NA,NA,NA,1,10,1,5,2000
"1289",544800020,NA,NA,NA,NA,NA,1,10,5,5,1200
"1290",544801010,NA,NA,NA,NA,NA,5,7,1,5,1800
"1291",544801020,NA,NA,NA,NA,NA,1,8,1,1,600
"1292",544832010,NA,NA,NA,NA,NA,5,8,1,5,800
"1293",544834010,NA,NA,NA,NA,NA,5,9,1,5,1200
"1294",544882010,NA,NA,NA,NA,NA,8,10,5,5,1200
"1295",544917010,NA,NA,NA,NA,NA,5,10,5,5,1200
"1296",544924010,NA,NA,NA,NA,NA,5,5,1,5,600
"1297",545067020,NA,NA,NA,NA,NA,5,10,5,5,2400
"1298",545120010,NA,NA,NA,NA,NA,5,10,1,5,600
"1299",545130010,NA,NA,NA,NA,NA,5,7,1,5,3800
"1300",545132010,NA,NA,NA,NA,NA,5,10,1,5,1800
"1301",545156010,NA,NA,NA,NA,NA,5,10,1,1,600
"1302",545177010,NA,NA,NA,NA,NA,5,5,5,5,3200
"1303",545199010,NA,NA,NA,NA,NA,5,10,5,5,1800
"1304",545322010,NA,NA,NA,NA,NA,5,1,1,5,1800
"1305",545408010,NA,NA,NA,NA,NA,5,10,1,5,1200
"1306",545453010,NA,NA,NA,NA,NA,5,8,5,1,9998
"1307",545472010,NA,NA,NA,NA,NA,1,10,1,5,1200
"1308",545479020,NA,NA,NA,NA,NA,5,8,1,5,1200
"1309",545540010,NA,NA,NA,NA,NA,5,8,1,5,600
"1310",545600020,NA,NA,NA,NA,NA,5,10,1,5,600
"1311",545671010,NA,NA,NA,NA,NA,5,10,1,5,2400
"1312",545766010,NA,NA,NA,NA,NA,5,10,1,1,2400
"1313",545816020,NA,NA,NA,NA,NA,5,10,5,5,1200
"1314",545818010,NA,NA,NA,NA,NA,5,10,1,1,600
"1315",545978010,NA,NA,NA,NA,NA,5,1,5,1,4000
"1316",546051020,NA,NA,NA,NA,NA,5,7,5,5,1800
"1317",546065010,NA,NA,NA,NA,NA,5,10,1,5,1800
"1318",546099010,NA,NA,NA,NA,NA,1,2,5,1,600
"1319",546218010,NA,NA,NA,NA,NA,5,7,5,5,1800
"1320",546219020,NA,NA,NA,NA,NA,5,10,5,5,1800
"1321",546219021,NA,NA,NA,NA,NA,5,10,1,5,2400
"1322",546252020,NA,NA,NA,NA,NA,5,3,5,5,3600
"1323",546260010,NA,NA,NA,NA,NA,5,10,5,5,600
"1324",546310010,NA,NA,NA,NA,NA,5,1,5,5,600
"1325",546341020,NA,NA,NA,NA,NA,5,8,5,5,2400
"1326",546350010,NA,NA,NA,NA,NA,5,8,5,5,1400
"1327",546380010,NA,NA,NA,NA,NA,5,8,5,5,1200
"1328",546395010,NA,NA,NA,NA,NA,1,10,1,1,3000
"1329",546416010,NA,NA,NA,NA,NA,1,10,8,5,600
"1330",546435010,NA,NA,NA,NA,NA,5,6,5,5,2800
"1331",546447010,NA,NA,NA,NA,NA,5,10,5,5,600
"1332",546467010,NA,NA,NA,NA,NA,5,3,5,1,1800
"1333",546481020,NA,NA,NA,NA,NA,5,8,5,5,2400
"1334",546486020,NA,NA,NA,NA,NA,1,7,5,5,1400
"1335",546553010,NA,NA,NA,NA,NA,5,10,5,1,600
"1336",900002010,NA,NA,NA,NA,NA,5,10,5,5,600
"1337",900360010,NA,NA,NA,NA,NA,5,10,5,5,1200
"1338",900396010,NA,NA,NA,NA,NA,1,9,5,5,600
"1339",900581010,NA,NA,NA,NA,NA,5,5,5,5,1800
"1340",900893010,NA,NA,NA,NA,NA,1,10,1,5,5300
"1341",901102010,NA,NA,NA,NA,NA,5,10,1,5,2200
"1342",901496010,NA,NA,NA,NA,NA,5,7,5,5,1200
"1343",901865010,NA,NA,NA,NA,NA,1,10,1,5,600
"1344",901917010,NA,NA,NA,NA,NA,5,10,5,5,1200
"1345",902409010,NA,NA,NA,NA,NA,1,10,1,5,2000
"1346",902479010,NA,NA,NA,NA,NA,5,3,1,5,600
"1347",902506010,NA,NA,NA,NA,NA,5,10,5,5,9999
"1348",902886010,NA,NA,NA,NA,NA,5,9,1,5,1800
"1349",902918020,NA,NA,NA,NA,NA,1,10,1,1,1800
"1350",903093020,NA,NA,NA,NA,NA,1,1,5,5,1200
"1351",903224010,NA,NA,NA,NA,NA,5,8,1,5,1800
"1352",903381010,NA,NA,NA,NA,NA,5,7,5,5,1200
"1353",903496010,NA,NA,NA,NA,NA,5,8,5,5,3600
"1354",904646010,NA,NA,NA,NA,NA,5,10,5,5,9998
"1355",905167020,NA,NA,NA,NA,NA,5,10,1,5,600
"1356",905479010,NA,NA,NA,NA,NA,5,7,1,5,600
"1357",905724020,NA,NA,NA,NA,NA,5,10,1,5,2200
"1358",905808020,NA,NA,NA,NA,NA,5,5,5,5,3600
"1359",906266020,NA,NA,NA,NA,NA,5,7,1,5,1200
"1360",906381010,NA,NA,NA,NA,NA,5,10,5,5,1800
"1361",906673010,NA,NA,NA,NA,NA,1,10,1,5,9998
"1362",906682010,NA,NA,NA,NA,NA,5,10,1,1,1200
"1363",906689010,NA,NA,NA,NA,NA,5,8,5,5,1800
"1364",906935020,NA,NA,NA,NA,NA,5,10,5,5,1800
"1365",907249020,NA,NA,NA,NA,NA,1,7,5,5,3600
"1366",907501010,NA,NA,NA,NA,NA,1,10,5,5,3000
"1367",907593010,NA,NA,NA,NA,NA,1,10,1,5,1200
"1368",907658010,NA,NA,NA,NA,NA,1,6,1,5,1200
"1369",907798020,NA,NA,NA,NA,NA,5,1,5,5,2400
"1370",907806020,NA,NA,NA,NA,NA,5,10,1,1,600
"1371",908425020,NA,NA,NA,NA,NA,5,10,1,1,600
"1372",908778010,NA,NA,NA,NA,NA,5,3,5,5,1200
"1373",909765010,NA,NA,NA,NA,NA,1,10,5,5,600
"1374",910316010,NA,NA,NA,NA,NA,5,10,1,5,1800
"1375",910368021,NA,NA,NA,NA,NA,5,10,5,5,2400
"1376",910498010,NA,NA,NA,NA,NA,5,5,1,5,600
"1377",910584010,NA,NA,NA,NA,NA,1,10,5,5,1200
"1378",910626010,NA,NA,NA,NA,NA,1,10,5,5,1200
"1379",910893010,NA,NA,NA,NA,NA,5,9,1,1,600
"1380",910901010,NA,NA,NA,NA,NA,5,6,1,5,1200
"1381",910931010,NA,NA,NA,NA,NA,5,10,5,5,1800
"1382",911069010,NA,NA,NA,NA,NA,5,4,5,5,600
"1383",911255010,NA,NA,NA,NA,NA,5,10,5,5,1206
"1384",911339020,NA,NA,NA,NA,NA,5,10,5,5,1200
"1385",911345010,NA,NA,NA,NA,NA,5,10,1,5,9999
"1386",911593010,NA,NA,NA,NA,NA,1,10,1,1,600
"1387",911632020,NA,NA,NA,NA,NA,1,10,1,5,1200
"1388",911638010,NA,NA,NA,NA,NA,5,10,1,1,1200
"1389",911916010,NA,NA,NA,NA,NA,5,10,9,5,600
"1390",912085020,NA,NA,NA,NA,NA,5,7,5,1,600
"1391",912086010,NA,NA,NA,NA,NA,1,9,5,5,2400
"1392",912527010,NA,NA,NA,NA,NA,5,10,5,5,1200
"1393",912570010,NA,NA,NA,NA,NA,5,10,5,5,600
"1394",912724010,NA,NA,NA,NA,NA,1,5,1,5,1400
"1395",912969010,NA,NA,NA,NA,NA,5,10,1,5,600
"1396",913130020,NA,NA,NA,NA,NA,5,10,5,5,1200
"1397",913159020,NA,NA,NA,NA,NA,5,4,5,5,3600
"1398",913258010,NA,NA,NA,NA,NA,1,10,5,5,3600
"1399",913333020,NA,NA,NA,NA,NA,5,7,5,5,1600
"1400",913936010,NA,NA,NA,NA,NA,5,8,5,1,2400
"1401",914160010,NA,NA,NA,NA,NA,1,10,5,5,1200
"1402",915013021,NA,NA,NA,NA,NA,5,10,5,5,1200
"1403",915067010,NA,NA,NA,NA,NA,5,10,1,5,600
"1404",916407010,NA,NA,NA,NA,NA,5,10,1,5,1200
"1405",916682010,NA,NA,NA,NA,NA,5,1,1,1,1800
"1406",916942020,NA,NA,NA,NA,NA,5,10,5,5,9998
"1407",917180010,NA,NA,NA,NA,NA,5,10,5,5,1200
"1408",917360010,NA,NA,NA,NA,NA,5,9,5,5,600
"1409",917947010,NA,NA,NA,NA,NA,1,10,5,5,1200
"1410",918088010,NA,NA,NA,NA,NA,1,8,5,5,600
"1411",918277011,NA,NA,NA,NA,NA,5,5,5,1,600
"1412",918371020,NA,NA,NA,NA,NA,5,10,1,5,9998
"1413",918737020,NA,NA,NA,NA,NA,5,5,5,5,745
"1414",918793020,NA,NA,NA,NA,NA,5,9,5,5,5600
"1415",918797010,NA,NA,NA,NA,NA,5,8,1,5,3200
"1416",918943011,NA,NA,NA,NA,NA,5,10,5,5,1200
"1417",919238010,NA,NA,NA,NA,NA,5,6,5,5,1200
"1418",919258010,NA,NA,NA,NA,NA,5,10,5,5,600
"1419",919260010,NA,NA,NA,NA,NA,5,10,1,5,1200
"1420",919597020,NA,NA,NA,NA,NA,5,10,1,5,9998
"1421",919603010,NA,NA,NA,NA,NA,1,10,1,5,1600
"1422",920007020,NA,NA,NA,NA,NA,5,10,1,5,1200
"1423",920483010,NA,NA,NA,NA,NA,5,7,1,5,1200
"1424",920597010,NA,NA,NA,NA,NA,1,10,5,5,1400
